ID_question,question_DE,question_EN,rapide,category
3,,"On the Nomination — Avril Danica Haines, of New York, to be Director of National Intelligence",0,Nomination
4,,On Passage of the Bill — A bill to provide for an exception to a limitation against appointment of persons as Secretary of Defense within seven years of relief from active duty as a regular commissioned officer of the Armed Forces.,0,Legislation
6,,"On the Nomination — Janet Louise Yellen, of California, to be Secretary of the Treasury",0,Nomination
7,,"On the Nomination — Antony John Blinken, of New York, to be Secretary of State",0,Nomination
8,,On the Motion to Table,0,Motion
9,,"On the Resolution — A resolution to provide for related procedures concerning the article of impeachment against Donald John Trump, President of the United States.",0,Legislation
11,,"On the Nomination — Peter Paul Montgomery Buttigieg, of Indiana, to be Secretary of Transportation",0,Nomination
12,,"On the Nomination — Alejandro Nicholas Mayorkas, of the District of Columbia, to be Secretary of Homeland Security",0,Nomination
13,,On the Motion to Proceed — A concurrent resolution setting forth the congressional budget for the United States Government for fiscal year 2021 and setting forth the appropriate budgetary levels for fiscal years 2022 through 2030.,0,Other
14,,On the Amendment — To establish a deficit-neutral reserve fund relating to establishing a fund to provide grants to food service and drinking establishments affected by the COVID-19 pandemic.,0,Amendment
15,,On the Amendment — To establish a deficit-neutral reserve fund relating to ensuring the accurate reporting of COVID-19 related deaths of residents or staff at nursing homes.,0,Amendment
17,,On the Amendment — To establish a deficit-neutral reserve fund relating to prohibiting the provision of COVID-19 related kindergarten through grade 12 emergency relief to schools that do not reopen for in-person learning after the teachers of such schools are vaccinated against COVID-19.,0,Amendment
18,,"On the Amendment — To establish a deficit-neutral reserve fund relating to preventing legislation that would allow illegal immigrants to receive Economic Impact Payments or any other similar direct, tax-based temporary financial assistance.",0,Amendment
20,,On the Amendment — To establish a deficit-neutral reserve fund relating to ensuring that State and local law enforcement are permitted to cooperate with Federal officials to enforce Federal law.,0,Amendment
23,,On the Motion — To establish a deficit-neutral reserve fund relating to improving health care to prohibit a health care practitioner from failing to exercise the proper degree of care in the case of a child who survives an abortion or attempted abortion.,0,Motion
24,,"On the Motion — To establish a deficit-neutral reserve fund relating to strengthening and protecting international agreements, joint declarations, or proclamations entered into by the United States and Mexico.",0,Motion
25,,On the Motion — To establish a deficit-neutral reserve fund relating to prioritizing taking into custody aliens charged with a crime resulting in death or serious bodily injury.,0,Motion
28,,On the Amendment — To establish a deficit-neutral reserve fund relating to prohibiting the Council on Environmental Quality and the Environmental Protection Agency from promulgating rules or guidance that bans hydraulic fracturing in the United States.,0,Amendment
29,,On the Motion — To create a point of order against legislation that would allow for six-figure tax cuts for the top 1/10th of 1 percent of taxpayers.,0,Motion
31,,On the Amendment — In the nature of a substitute.,0,Amendment
32,,"On the Amendment — To establish a deficit-neutral reserve fund relating to the improvement of relations between the United States and Canada with regard to the Keystone XL Pipeline entering the United States in Phillips County, Montana.",0,Amendment
33,,"On the Amendment — To establish a deficit-neutral reserve fund relating to protecting American taxpayers and the border, which may include prohibiting the cancellation of contracts for physical barriers and other border security measures for which funds already have been obligated and for which penalties will be incurred in the case of such cancellation and prohibiting the use of funds for payment of such penalties.",0,Amendment
34,,On the Amendment — To establish a spending-neutral reserve fund relating to prohibiting infringement on the free exercise of religion.,0,Amendment
36,,On the Motion — To create a point of order against a provision in legislation that would increase the number of justices on the Supreme Court of the United States.,0,Motion
37,,On the Motion — To create a point of order against legislation that would provide Economic Impact Payments to prisoners.,0,Motion
38,,On the Amendment — To establish a deficit-neutral reserve fund relating to preventing the provision of Small Business Administration assistance to any individual convicted of a misdemeanor or felony for actions during or in connection with a riot or civil disorder.,0,Amendment
40,,On the Amendment — To let Federal revenues reflect continued leasing of oil and gas on Federal lands.,0,Amendment
41,,"On the Motion — To create a point of order against the consideration of any legislation that increases employment-based visas until the United States' labor market stabilizes and unemployment levels reach pre-pandemic levels, ensuring that Congress prioritizes the needs of American workers who have lost their jobs due to the pandemic.",0,Motion
42,,On the Amendment — To amend the reconciliation instructions for certain committees to fund border security and to ensure the enforcement of all immigration laws.,0,Amendment
43,,"On the Amendment — To establish a deficit-neutral reserve fund relating to preserving the continued implementation of the consistent, clear, and functional categories and exclusions of jurisdictional waters in the Navigable Waters Protection Rule.",0,Amendment
44,,On the Amendment — To establish a deficit-neutral reserve fund relating to Federal relief funds for State or local governments.,0,Amendment
45,,On the Amendment — To establish a deficit-neutral reserve fund relating to permanently extending the income tax rate reductions for individuals and small businesses provided under Public Law 115-97.,0,Amendment
46,,"On the Amendment — To establish a deficit-neutral reserve fund relating to prohibiting a Federal carbon tax and preventing American job losses and regressive household utility bill, home heating, and gasoline price increases.",0,Amendment
47,,On the Amendment — To establish a deficit-neutral reserve fund relating to creating bipartisan congressional committees to improve the solvency of major Federal trust funds.,0,Amendment
48,,On the Amendment — To establish a deficit-neutral reserve fund relating to expanding health savings accounts.,0,Amendment
49,,On the Amendment — To establish a deficit-neutral reserve fund relating to conventional biofuel credit cap during a pandemic.,0,Amendment
50,,"On the Motion — To establish a deficit-neutral reserve fund relating to expanding natural gas as a vital fuel source to reduce greenhouse gas emissions and provide reliable and affordable heat, electricity, and transportation fuel for consumers.",0,Motion
51,,On the Amendment — To establish a deficit-neutral reserve fund relating to catch-and-release policies and the Migrant Protection Protocols.,0,Amendment
52,,On the Amendment — In the nature of a substitute.,0,Amendment
53,,On the Amendment — To improve the resolution.,0,Amendment
54,,On the Concurrent Resolution — A concurrent resolution setting forth the congressional budget for the United States Government for fiscal year 2021 and setting forth the appropriate budgetary levels for fiscal years 2022 through 2030.,0,Legislation
56,,"On the Resolution — A resolution to provide for related procedures concerning the article of impeachment against Donald John Trump, former President of the United States.",0,Legislation
57,,On the Motion,0,Motion
58,,On the Motion,0,Motion
59,,"Guilty or Not Guilty — A resolution impeaching Donald John Trump, President of the United States, for high crimes and misdemeanors.",0,Other
61,,"On the Nomination — Linda Thomas-Greenfield, of Louisiana, to be the Representative of the United States of America to the United Nations, with the rank and status of the Ambassador, and the Representative of the United States of America in the Security Council of the United Nations",0,Nomination
64,,"On the Nomination — Linda Thomas-Greenfield, of Louisiana, to be Representative of the United States of America to the Sessions of the General Assembly of the United Nations during her tenure of service as Representative of the United States of America to the United Nations",0,Nomination
66,,"On the Nomination — Jennifer Mulhern Granholm, of Michigan, to be Secretary of Energy",0,Nomination
68,,"On the Nomination — Miguel A. Cardona, of Connecticut, to be Secretary of Education",0,Nomination
70,,"On the Nomination — Gina Marie Raimondo, of Rhode Island, to be Secretary of Commerce",0,Nomination
73,,On the Motion to Proceed — A bill to provide for reconciliation pursuant to title II of S. Con. Res. 5.,0,Other
74,,On the Motion — To provide for increases in the Federal minimum wage.,0,Motion
75,,On the Motion to Adjourn — A bill to provide for reconciliation pursuant to title II of S. Con. Res. 5.,0,Other
76,,On the Amendment — To reduce unemployment compensation provisions.,0,Amendment
77,,On the Motion — In the nature of a substitute.,0,Motion
78,,On the Amendment — To improve the bill.,0,Amendment
79,,On the Amendment — To improve the bill.,0,Amendment
80,,On the Amendment — To amend the Elementary and Secondary School Emergency Relief Fund.,0,Amendment
81,,On the Amendment — To provide for a safe return to in-person instruction.,0,Amendment
82,,On the Amendment — To improve the bill.,0,Amendment
83,,On the Motion — To require the President to review and approve the Keystone XL Pipeline to assist COVID-impacted communities.,0,Motion
84,,On the Amendment — To improve the bill regarding emergency assistance to non-public schools.,0,Amendment
85,,On the Motion — A bill to provide for reconciliation pursuant to title II of S. Con. Res. 5.,0,Motion
86,,On the Amendment — To strike a provision providing payments to farmers for purposes unrelated to COVID-19.,0,Amendment
87,,On the Amendment — To distribute funds for public transportation urbanized area formula grants through the existing formulas.,0,Amendment
88,,On the Amendment — To strike provisions relating to nonprofit entities for the paycheck protection program.,0,Amendment
89,,"On the Amendment — To strike the provision establishing the Emergency Federal Employee Leave Fund and appropriate $300,000,000 for chemical screening devices for U.S. Customs and Border Protection.",0,Amendment
90,,On the Motion — A bill to provide for reconciliation pursuant to title II of S. Con. Res. 5.,0,Motion
91,,"On the Amendment — To fund the procurement of HC-130J aircraft by the Coast Guard, and to provide an offset by striking National Railroad Passengers Corporation grant funding for the Northeast Corridor.",0,Amendment
92,,On the Motion — A bill to provide for reconciliation pursuant to title II of S. Con. Res. 5.,0,Motion
93,,On the Amendment — To strike section 9831.,0,Amendment
94,,On the Motion — To improve the bill.,0,Motion
95,,"On the Amendment — To provide children with an option for in-classroom education instruction if the child's local public school does not commit to re-opening to 5-day-a-week, in-classroom instruction for the remainder of the current school year and the 2021-2022 school year.",0,Amendment
96,,On the Amendment — To provide relief for State and local governments based on demonstrated need.,0,Amendment
97,,"On the Motion — To prohibit funds made available under title II to States, local educational agencies, and institutions of higher education that permit any student whose biological sex is male to participate in an athletic program or activity designated for women or girls.",0,Motion
98,,On the Motion — A bill to provide for reconciliation pursuant to title II of S. Con. Res. 5.,0,Motion
99,,On the Motion — A bill to provide for reconciliation pursuant to title II of S. Con. Res. 5.,0,Motion
100,,On the Motion — A bill to provide for reconciliation pursuant to title II of S. Con. Res. 5.,0,Motion
101,,On the Amendment — To modify the provisions relating to the child tax credit and to strike the provisions relating to dependent care assistance.,0,Amendment
102,,On the Motion — A bill to provide for reconciliation pursuant to title II of S. Con. Res. 5.,0,Motion
103,,On the Amendment — To ensure that the 2021 Recovery Rebates are not provided to prisoners.,0,Amendment
104,,On the Amendment — To ensure that the 2021 Recovery Rebates are not provided to illegal immigrants.,0,Amendment
105,,On the Amendment — To limit the expansion of premium assistance for households above 500 percent of the federal poverty line.,0,Amendment
106,,On the Amendment — To provide funding for payments for losses of crops due to disasters.,0,Amendment
107,,On the Amendment — To increase the availability of amounts for the Veterans Community Care Program of the Department of Veterans Affairs.,0,Amendment
108,,On the Motion — A bill to provide for reconciliation pursuant to title II of S. Con. Res. 5.,0,Motion
110,,On Passage of the Bill — A bill to provide for reconciliation pursuant to title II of S. Con. Res. 5.,0,Legislation
113,,"On the Nomination — Marcia Louise Fudge, of Ohio, to be Secretary of Housing and Urban Development",0,Nomination
114,,"On the Nomination — Merrick Brian Garland, of Maryland, to be Attorney General",0,Nomination
116,,"On the Nomination — Michael Stanley Regan, of North Carolina, to be Administrator of the Environmental Protection Agency",0,Nomination
117,,"On the Motion to Discharge — Xavier Becerra, of California, to be Secretary of Health and Human Services",0,Other
119,,"On the Nomination — Debra Anne Haaland, of New Mexico, to be Secretary of the Interior",0,Nomination
121,,"On the Nomination — Isabella Casillas Guzman, of California, to be Administrator of the Small Business Administration",0,Nomination
125,,"On the Nomination — Xavier Becerra, of California, to be Secretary of Health and Human Services",0,Nomination
127,,"On the Nomination — Martin Joseph Walsh, of Massachusetts, to be Secretary of Labor",0,Nomination
129,,"On the Nomination — Shalanda D. Young, of Louisiana, to be Deputy Director of the Office of Management and Budget",0,Nomination
131,,"On the Nomination — Vivek Hallegere Murthy, of Florida, to be Medical Director in the Regular Corps of the Public Health Service, subject to qualifications therefor as provided by law and regulations, and to be Surgeon General of the Public Health Service for a term of four years",0,Nomination
134,,"On the Nomination — Rachel Leland Levine, of Pennsylvania, to be an Assistant Secretary of Health and Human Services",0,Nomination
137,,On the Amendment — To prohibit paycheck protection program loans and second draw loans for applicants convicted of a felony in relation to a riot or civil disorder during the 2-year period preceding the date of the application.,0,Amendment
138,,On the Amendment — To establish appropriate limitations on the Administrator of the Small Business Administration establishing new priorities for processing lender applications.,0,Amendment
139,,"On the Motion — A bill to amend the Small Business Act and the CARES Act to extend the covered period for the paycheck protection program, and for other purposes.",0,Motion
141,,On the Amendment — To improve the bill.,0,Amendment
144,,"On the Nomination — Polly Ellen Trottenberg, of New York, to be Deputy Secretary of Transportation",0,Nomination
146,,"On the Nomination — Wendy Ruth Sherman, of Maryland, to be Deputy Secretary of State",0,Nomination
148,,"On the Nomination — Gary Gensler, of Maryland, to be a Member of the Securities and Exchange Commission for the remainder of the term expiring June 5, 2021",0,Nomination
150,,"On the Nomination — Brenda Mallory, of Maryland, to be a Member of the Council on Environmental Quality",0,Nomination
152,,"On the Motion to Proceed — A bill to facilitate the expedited review of COVID-19 hate crimes, and for other purposes.",0,Other
153,,"On the Motion to Discharge — Vanita Gupta, of Virginia, to be Associate Attorney General",0,Other
155,,"On the Motion to Proceed — Vanita Gupta, of Virginia, to be Associate Attorney General",0,Other
157,,"On the Nomination — Gary Gensler, of Maryland, to be a Member of the Securities and Exchange Commission for a term expiring June 5, 2026",0,Nomination
160,,"On the Nomination — Vanita Gupta, of Virginia, to be Associate Attorney General",0,Nomination
161,,"On the Motion to Discharge — Colin Hackett Kahl, of California, to be Under Secretary of Defense for Policy",0,Other
162,,"On the Amendment — To prohibit Federal funding for any institution of higher education that discriminates against Asian Americans in recruitment, applicant review, or admissions.",0,Amendment
163,,On the Amendment — To require a report on State restrictions on religious exercise during the COVID-19 pandemic.,0,Amendment
164,,On the Amendment — To improve the bill.,0,Amendment
167,,"On the Nomination — Jason Scott Miller, of Maryland, to be Deputy Director for Management, Office of Management and Budget",0,Nomination
169,,"On the Nomination — Janet Garvin McCabe, of Indiana, to be Deputy Administrator of the Environmental Protection Agency",0,Nomination
171,,"On the Nomination — Colin Hackett Kahl, of California, to be Under Secretary of Defense for Policy",0,Nomination
174,,"On the Nomination — Samantha Power, of Massachusetts, to be Administrator of the United States Agency for International Development",0,Nomination
175,,"On the Joint Resolution — A joint resolution providing for congressional disapproval under chapter 8 of title 5, United States Code, of the rule submitted by the Environmental Protection Agency relating to ""Oil and Natural Gas Sector: Emission Standards for New, Reconstructed, and Modified Sources Review"".",0,Legislation
176,,On the Amendment — To modify a provision relating to allotments under the Federal Water Pollution Control Act.,0,Amendment
177,,On the Amendment — To limit the authority to reserve water rights in designating a national monument.,0,Amendment
180,,"On the Nomination — Andrea Joan Palm, of Wisconsin, to be Deputy Secretary of Health and Human Services",0,Nomination
182,,"On the Nomination — Cynthia Minette Marten, of California, to be Deputy Secretary of Education",0,Nomination
183,,"On the Joint Resolution — A joint resolution providing for congressional disapproval under chapter 8 of title 5, United States Code, of the rule submitted by the Office of the Comptroller of Currency relating to ""National Banks and Federal Savings Associations as Lenders"".",0,Legislation
184,,"On the Motion to Discharge — Chiquita Brooks-LaSure, of Virginia, to be Administrator of the Centers for Medicare and Medicaid Services",0,Other
186,,"On the Nomination — Ronald Stroman, of the District of Columbia, to be a Governor of the United States Postal Service for a term expiring December 8, 2021",0,Nomination
188,,"On the Nomination — Ronald Stroman, of the District of Columbia, to be a Governor of the United States Postal Service for a term expiring December 8, 2028",0,Nomination
190,,"On the Nomination — Amber Faye McReynolds, of Colorado, to be a Governor of the United States Postal Service for a term expiring December 8, 2026",0,Nomination
192,,"On Cloture on the Motion to Proceed — A bill to establish a new Directorate for Technology and Innovation in the National Science Foundation, to establish a regional technology hub program, to require a strategy and report on economic security, science, research, innovation, manufacturing, and job creation, to establish a critical supply chain resiliency program, and for other purposes.",0,Other
193,,"On the Motion to Discharge — Kristen M. Clarke, of the District of Columbia, to be an Assistant Attorney General",0,Other
194,,"On the Motion to Proceed — A joint resolution providing for congressional disapproval under chapter 8 of title 5, United States Code, of the rule submitted by the Equal Employment Opportunity Commission relating to ""Update of Commission's Conciliation Procedures"".",0,Other
195,,"On Passage of the Bill — A joint resolution providing for congressional disapproval under chapter 8 of title 5, United States Code, of the rule submitted by the Equal Employment Opportunity Commission relating to ""Update of Commission's Conciliation Procedures"".",0,Legislation
196,,"On the Amendment — To amend chapter 11 of title 35, United States Code, to require the voluntary collection of demographic information for patent inventors, and for other purposes.",0,Amendment
197,,On the Amendment — To direct unobligated amounts made available under coronavirus relief legislation for purposes of carrying out this Act.,0,Amendment
198,,On the Amendment — To express the sense of the Senate and establish points of order to ensure the United States adequately funds national defense with a whole-of-government investment plan for strategic competition with the People's Republic of China.,0,Amendment
199,,On the Amendment — To prohibit the cancellation of contracts for physical barriers and other border security measures for which funds already have been obligated and for which penalties will be incurred in the case of such cancellation and prohibiting the use of funds for payment of such penalties.,0,Amendment
201,,"On the Nomination — Chiquita Brooks-LaSure, of Virginia, to be Administrator of the Centers for Medicare and Medicaid Services",0,Nomination
203,,"On the Nomination — Kristen M. Clarke, of the District of Columbia, to be an Assistant Attorney General",0,Nomination
204,,"On the Amendment — To set forth trade policy, negotiating objectives, and congressional oversight requirements relating to the response to the COVID-19 pandemic.",0,Amendment
205,,On the Amendment — To provide limitations on the authority of the President to modify trade agreements.,0,Amendment
206,,On the Amendment — To impose limitations on research.,0,Amendment
207,,On the Amendment — To require institutions of higher education to submit attestations on freedom of speech.,0,Amendment
208,,On the Amendment — To express the sense of the Senate on the allocation of Special Drawing Rights by the International Monetary Fund to help other countries procure COVID-19 vaccines and protect against the economic instability caused by the COVID-19 pandemic.,0,Amendment
209,,On the Amendment — To prohibit allocations of Special Drawing Rights at the International Monetary Fund for perpetrators of genocide and state sponsors of terrorism without congressional authorization.,0,Amendment
210,,On the Amendment — To establish the Foundation for Energy Security and Innovation.,0,Amendment
211,,On the Amendment — To establish a task force for regulatory oversight and review.,0,Amendment
212,,"On the Amendment — To amend title 18, United States Code, to prohibit certain types of human-animal chimeras.",0,Amendment
213,,On the Amendment — To authorize appropriations for the Defense Advanced Research Projects Agency to conduct research and development in key technology focus areas.,0,Amendment
215,,"On the Motion to Table — To protect the United States against efforts of China and other foreign entities to engage in economic espionage and to misappropriate United States intellectual property, research and development, and innovation efforts.",0,Motion
220,,"On the Nomination — Julien Xavier Neals, of New Jersey, to be United States District Judge for the District of New Jersey",0,Nomination
222,,"On the Nomination — Regina M. Rodriguez, of Colorado, to be United States District Judge for the District of Colorado",0,Nomination
223,,On the Amendment — To modify the semiconductor incentives program of the Department of Commerce.,0,Amendment
224,,On the Motion — In the nature of a substitute.,0,Motion
225,,On the Amendment — In the nature of a substitute.,0,Amendment
226,,"On Passage of the Bill — A bill to establish a new Directorate for Technology and Innovation in the National Science Foundation, to establish a regional technology hub program, to require a strategy and report on economic security, science, research, innovation, manufacturing, and job creation, to establish a critical supply chain resiliency program, and for other purposes.",0,Legislation
227,,"On Cloture on the Motion to Proceed — A bill to amend the Fair Labor Standards Act of 1938 to provide more effective remedies to victims of discrimination in the payment of wages on the basis of sex, and for other purposes.",0,Other
230,,"On the Nomination — Zahid N. Quraishi, of New Jersey, to be United States District Judge for the District of New Jersey",0,Nomination
231,,"On the Nomination — Ketanji Brown Jackson, of the District of Columbia, to be United States Circuit Judge for the District of Columbia Circuit",0,Nomination
233,,"On the Nomination — Lina M. Khan, of New York, to be a Federal Trade Commissioner for the unexpired term of seven years from September 26, 2017",0,Nomination
236,,"On the Nomination — Radhika Fox, of California, to be an Assistant Administrator of the Environmental Protection Agency",0,Nomination
237,,"On the Nomination — Lydia Kay Griggsby, of Maryland, to be United States District Judge for the District of Maryland",0,Nomination
241,,"On the Nomination — John K. Tien, of Georgia, to be Deputy Secretary of Homeland Security",0,Nomination
243,,"On the Nomination — Christopher Charles Fonzone, of Pennsylvania, to be General Counsel of the Office of the Director of National Intelligence",0,Nomination
245,,"On the Nomination — Kiran Arjandas Ahuja, of Massachusetts, to be Director of the Office of Personnel Management for a term of four years",0,Nomination
246,,"On Cloture on the Motion to Proceed — A bill to expand Americans' access to the ballot box, reduce the influence of big money in politics, strengthen ethics rules for public servants, and implement other anti-corruption measures for the purpose of fortifying our democracy, and for other purposes.",0,Other
248,,"On the Nomination — Deborah L. Boardman, of Maryland, to be United States District Judge for the District of Maryland",0,Nomination
250,,On the Amendment — In the nature of a substitute.,0,Amendment
252,,"On the Nomination — Candace Jackson-Akiwumi, of Illinois, to be United States Circuit Judge for the Seventh Circuit",0,Nomination
254,,"On the Nomination — Uzra Zeya, of Virginia, to be an Under Secretary of State (Civilian Security, Democracy, and Human Rights)",0,Nomination
256,,"On the Nomination — Julie A. Su, of California, to be Deputy Secretary of Labor",0,Nomination
257,,"On the Motion to Discharge — Jennifer Ann Abruzzo, of New York, to be General Counsel of the National Labor Relations Board for a term of four years",0,Other
260,,"On the Nomination — Jocelyn Samuels, of Maryland, to be a Member of the Equal Employment Opportunity Commission for a term expiring July 1, 2026",0,Nomination
261,,"On the Nomination — Seema Nanda, of Virginia, to be Solicitor for the Department of Labor",0,Nomination
264,,"On the Nomination — J. Nellie Liang, of Maryland, to be an Under Secretary of the Treasury",0,Nomination
267,,"On the Nomination — Tiffany P. Cunningham, of Illinois, to be United States Circuit Judge for the Federal Circuit",0,Nomination
270,,"On the Nomination — Kenneth Allen Polite, Jr., of Louisiana, to be an Assistant Attorney General",0,Nomination
271,,"On the Amendment — To ensure adequate funding in the Crime Victims Fund is disbursed to victims, their families, and their advocates each year.",0,Amendment
273,,"On the Nomination — Jennifer Ann Abruzzo, of New York, to be General Counsel of the National Labor Relations Board for a term of four years",0,Nomination
275,,"On the Nomination — Bonnie D. Jenkins, of New York, to be Under Secretary of State for Arms Control and International Security",0,Nomination
276,,"On Cloture on the Motion to Proceed — A bill to authorize funds for Federal-aid highways, highway safety programs, and transit programs, and for other purposes.",0,Other
277,,"On the Nomination — Jill Hruby, of New Mexico, to be Under Secretary for Nuclear Security, Department of Energy",0,Nomination
279,,"On the Nomination — Todd Sunhwae Kim, of the District of Columbia, to be an Assistant Attorney General",0,Nomination
280,,"On the Motion to Discharge — Tracy Stone-Manning, of Montana, to be Director of the Bureau of Land Management",0,Other
282,,"On the Nomination — Gwynne A. Wilcox, of New York, to be a Member of the National Labor Relations Board for the term of five years expiring August 27, 2023",0,Nomination
284,,"On the Nomination — David M. Prouty, of Maryland, to be a Member of the National Labor Relations Board for the term of five years expiring August 27, 2026",0,Nomination
285,,"On Cloture on the Motion to Proceed — A bill to authorize funds for Federal-aid highways, highway safety programs, and transit programs, and for other purposes.",0,Other
286,,On the Motion — In the nature of a substitute.,0,Motion
288,,"On the Motion to Proceed — A bill to authorize funds for Federal-aid highways, highway safety programs, and transit programs, and for other purposes.",0,Other
290,,"On the Nomination — Ur Mendoza Jaddou, of California, to be Director of the United States Citizenship and Immigration Services, Department of Homeland Security",0,Nomination
293,,On the Amendment — To limit the use of certain funds made available for grants to enable the sustained cost-effective implementation of updated building energy codes.,0,Amendment
295,,On the Amendment — In the nature of a substitute.,0,Amendment
296,,On the Amendment — To require recipients of all stations accessibility grants to adopt plans to pursue public transportation accessibility projects that provide accessibility for individuals with disabilities.,0,Amendment
298,,On the Amendment — To prohibit the cancellation of contracts for physical barriers and other border security measures for which funds already have been obligated and for which penalties will be incurred in the case of such cancellation and prohibiting the use of funds for payment of such penalties.,0,Amendment
299,,"On the Amendment — To provide that the Administrative Procedures Act shall apply to actions taken by the Assistant Secretary of Commerce for Communications and Information in carrying out the Broadband Equity, Access, and Deployment Program.",0,Amendment
300,,"On the Amendment — To provide emergency assistance for disaster response and recovery, and for other expenses, directly related to Hurricanes Laura, Delta, and Zeta.",0,Amendment
302,,On the Amendment — To prohibit Federal funding for any entity that fails to enroll in and comply with the E-Verify Program.,0,Amendment
303,,On the Amendment — To provide additional funds for post-fire restoration activities and restoration activities carried out using good neighbor agreements.,0,Amendment
304,,On the Amendment — To prohibit funds from being disbursed or obligated if the Congressional Budget Office determines that such disbursement or obligation would result in an increase in inflation.,0,Amendment
305,,On the Amendment — To establish a project delivery program under the National Environmental Policy Act of 1969 for water storage infrastructure projects.,0,Amendment
307,,On the Amendment — To establish safety standards for certain limousines.,0,Amendment
310,,"On the Nomination — Eunice C. Lee, of New York, to be United States Circuit Judge for the Second Circuit",0,Nomination
311,,On the Motion — In the nature of a substitute.,0,Motion
312,,On the Amendment — In the nature of a substitute.,0,Amendment
314,,"On Passage of the Bill — A bill to authorize funds for Federal-aid highways, highway safety programs, and transit programs, and for other purposes.",0,Legislation
315,,On the Motion to Proceed — A concurrent resolution setting forth the congressional budget for the United States Government for fiscal year 2022 and setting forth the appropriate budgetary levels for fiscal years 2023 through 2031.,0,Other
317,,On the Amendment — To establish a reserve fund relating to addressing the crisis of climate change.,0,Amendment
319,,"On the Amendment — To establish a reserve fund relating to protecting family farms, ranches, and small businesses while ensuring the wealthy pay their fair share.",0,Amendment
320,,On the Amendment — To cancel the Biden Administration's ban on oil and gas leasing on Federal land to help lower gasoline prices and reduce energy dependence on the Organization of Petroleum Exporting Countries.,0,Amendment
321,,"On the Amendment — To establish a deficit-neutral reserve fund relating to preventing the monitoring and reporting of sensitive American taxpayer information to the Internal Revenue Service by financial institutions about deposits and withdrawals made by any individual or business in savings, checking, or other accounts of as little as $600.",0,Amendment
322,,"On the Amendment — To establish a reserve fund relating to protecting the privacy of American taxpayer and small business tax information while only reporting large financial account balances to the Internal Revenue Service, to ensure those evading the tax system pay what they owe.",0,Amendment
323,,On the Amendment — To prohibit the Council on Environmental Quality and the Environmental Protection Agency from promulgating rules or guidance that bans hydraulic fracturing in the United States.,0,Amendment
324,,"On the Amendment — To establish a deficit-neutral reserve fund relating to helping students, particularly students who are low-income or minorities or who have special needs, that suffered from school closures pushed by teacher labor organizations that ignored the science and ensuring that all schools should be open for in-person learning 5 days a week for the 2021-2022 school year.",0,Amendment
325,,On the Amendment — To provide funds available to the Department of Defense to implement the 2018 National Defense Strategy.,0,Amendment
326,,On the Amendment — To prevent changes to the State and local tax (SALT) deduction that mainly benefit the wealthy.,0,Amendment
327,,On the Amendment — To establish a reserve fund relating to increasing the progressivity of the tax code.,0,Amendment
330,,On the Amendment — To establish a deficit-neutral reserve fund relating to policies or legislation to prohibit the Department of Agriculture from making ineligible for financing fossil fuel-burning power plants.,0,Amendment
331,,On the Amendment — To establish a deficit-neutral reserve fund relating to removing the prohibition on States and territories against lowering their taxes.,0,Amendment
332,,On the Amendment — To means-test electric vehicle tax credits to ensure high-income individuals do not get government subsidies to buy expensive luxury cars.,0,Amendment
333,,On the Amendment — To establish a deficit-neutral reserve fund relating to prohibiting or limiting the issuance of costly Clean Air Act permit requirements on farmers and ranchers in the United States or the imposition of new Federal methane requirements on livestock.,0,Amendment
336,,On the Amendment — To establish a deficit-neutral reserve fund relating to abortion funding.,0,Amendment
338,,On the Amendment — In the nature of a substitute.,0,Amendment
339,,On the Amendment — To establish a reserve fund relating to Great Lakes ice breaking operational improvements.,0,Amendment
340,,On the Amendment — To prevent reconciliation legislation from including trillions of dollars in job-killing tax hikes.,0,Amendment
341,,On the Amendment — To establish a deficit-neutral reserve fund relating to immigration enforcement and addressing the humanitarian crisis at the southern border.,0,Amendment
342,,On the Amendment — To establish a deficit-neutral reserve fund relating to prohibiting the teaching of critical race theory in prekindergarten programs and elementary and secondary schools.,0,Amendment
343,,On the Amendment — To strike the Senate emergency legislation provision.,0,Amendment
344,,"On the Amendment — To establish a deficit-neutral reserve fund relating to ensuring that the Department of Homeland Security, pursuant to title 42, United States Code, conducts expulsions of illegal immigrants who may contribute to the spread of COVID-19, including any of the dangerous variants originating overseas, in order to protect the public health of the American People, save American lives, and assist in eradicating the COVID-19 pandemic in the United States.",0,Amendment
346,,On the Amendment — To establish a deficit-neutral reserve fund relating to preventing electricity blackouts and improving electricity reliability.,0,Amendment
347,,On the Amendment — To establish a deficit-neutral reserve fund relating to protecting migrants and local communities against COVID-19.,0,Amendment
348,,On the Amendment — To establish a deficit-neutral reserve fund relating to improving health care by establishing penalties for providers performing elective abortions when the post-fertilization age of the unborn child is 20 weeks or greater.,0,Amendment
349,,On the Amendment — To establish a deficit-neutral reserve fund relating to studying and providing for tax equivalency under the payments in lieu of taxes program.,0,Amendment
350,,"On the Amendment — To establish a deficit-neutral reserve fund relating to relating to improving health programs, which may include prohibiting funding for abortions of unborn children with Down syndrome or other chromosomal conditions.",0,Amendment
351,,On the Amendment — To establish a deficit-neutral reserve fund relating to providing sufficient resources to detain and deport a higher number of illegal aliens who have been convicted of a crime.,0,Amendment
352,,On the Amendment — To establish a deficit-neutral reserve fund relating to adjustments to Federal funds for certain local jurisdictions.,0,Amendment
353,,On the Amendment — To establish a deficit-neutral reserve fund relating to prohibiting illegal aliens with criminal records from receiving conditional or lawful permanent resident status in the United States.,0,Amendment
354,,"On the Amendment — To establish a deficit-neutral reserve fund relating to restricting United States funding to international organizations, such as the United Nations Human Rights Council, until the Department of State certifies that no members of the organization are state sponsors of terrorism, which may include a report from the Department of the Treasury on the prevalence of sanctioned entities in the organization.",0,Amendment
355,,On the Motion — To create a point of order against legislation that would provide funding or subsidize the import from the Xinjiang Uyghur Autonomous Region of the People's Republic of China of items relating to electric cars.,0,Motion
356,,On the Amendment — To create a point of order against legislation that would cause a net increase in outlays unless the Director of the Congressional Budget Office certifies that inflation is below 3 percent.,0,Amendment
357,,On the Concurrent Resolution — A concurrent resolution setting forth the congressional budget for the United States Government for fiscal year 2022 and setting forth the appropriate budgetary levels for fiscal years 2023 through 2031.,0,Legislation
358,,"On the Motion to Discharge — A bill to expand Americans' access to the ballot box, reduce the influence of big money in politics, strengthen ethics rules for public servants, and implement other anti-corruption measures for the purpose of fortifying our democracy, and for other purposes.",0,Other
360,,"On the Nomination — James Richard Kvaal, of Massachusetts, to be Under Secretary of Education",0,Nomination
362,,"On the Nomination — David G. Estudillo, of Washington, to be United States District Judge for the Western District of Washington",0,Nomination
364,,"On the Nomination — Angel Kelley, of Massachusetts, to be United States District Judge for the District of Massachusetts",0,Nomination
366,,"On the Nomination — Veronica S. Rossman, of Colorado, to be United States Circuit Judge for the Tenth Circuit",0,Nomination
368,,"On the Nomination — Margaret Irene Strickland, of New Mexico, to be United States District Judge for the District of New Mexico",0,Nomination
369,,"On the Motion to Discharge — Rohit Chopra, of the District of Columbia, to be Director, Bureau of Consumer Financial Protection for a term of five years",0,Other
372,,"On the Nomination — Lily Lawrence Batchelder, of Massachusetts, to be an Assistant Secretary of the Treasury",0,Nomination
373,,"On the Nomination — Jayme Ray White, of Washington, to be a Deputy United States Trade Representative (Western Hemisphere, Europe, the Middle East, Labor, and Environment), with the rank of Ambassador",0,Nomination
375,,"On the Nomination — Florence Y. Pan, of the District of Columbia, to be United States District Judge for the District of Columbia",0,Nomination
377,,"On the Nomination — Sarah Bianchi, of Virginia, to be Deputy United States Trade Representative (Asia, Africa, Investment, Services, Textiles, and Industrial Competitiveness), with the rank of Ambassador",0,Nomination
379,,"On the Nomination — Daniel J. Kritenbrink, of Virginia, to be an Assistant Secretary of State (East Asian and Pacific Affairs)",0,Nomination
385,,"On Cloture on the Motion to Proceed — A bill making continuing appropriations for the fiscal year ending September 30, 2022, and for providing emergency assistance, and for other purposes.",0,Other
386,,"On the Nomination — Karen Erika Donfried, of the District of Columbia, to be an Assistant Secretary of State (European Affairs and Eurasian Affairs)",0,Nomination
387,,"On the Nomination — Monica P. Medina, of Maryland, to be Assistant Secretary of State for Oceans and International Environmental and Scientific Affairs",0,Nomination
388,,"On the Nomination — Mary Catherine Phee, of Illinois, to be an Assistant Secretary of State (African Affairs)",0,Nomination
389,,"On the Nomination — Todd D. Robinson, of New Jersey, to be an Assistant Secretary of State (International Narcotics and Law Enforcement Affairs)",0,Nomination
390,,"On the Nomination — Jessica Lewis, of Ohio, to be an Assistant Secretary of State (Political-Military Affairs)",0,Nomination
393,,"On the Nomination — Robert T. Anderson, of Washington, to be Solicitor of the Department of the Interior",0,Nomination
394,,On the Amendment — To modify the immigration benefits for which certain Afghan nationals are eligible.,0,Amendment
395,,On the Amendment — To prohibit the use of Federal funds for implementing or enforcing COVID-19 vaccine mandates.,0,Amendment
396,,On the Amendment — To provide that Members of Congress may not receive pay after October 1 of any fiscal year in which Congress has not approved a concurrent resolution on the budget and passed the regular appropriations bills.,0,Amendment
397,,"On Passage of the Bill — A bill making continuing appropriations for the fiscal year ending September 30, 2022, and for providing emergency assistance, and for other purposes.",0,Legislation
399,,"On the Nomination — Rohit Chopra, of the District of Columbia, to be Director, Bureau of Consumer Financial Protection for a term of five years",0,Nomination
401,,"On the Nomination — Tracy Stone-Manning, of Montana, to be Director of the Bureau of Land Management",0,Nomination
402,,On the Motion to Proceed — A bill to provide for the publication by the Secretary of Health and Human Services of physical activity recommendations for Americans.,0,Other
403,,"On the Nomination — Jonathan Eugene Meyer, of Ohio, to be General Counsel, Department of Homeland Security",0,Nomination
405,,"On the Nomination — Paloma Adams-Allen, of the District of Columbia, to be a Deputy Administrator of the United States Agency for International Development",0,Nomination
407,,"On the Nomination — Lauren J. King, of Washington, to be United States District Judge for the Western District of Washington",0,Nomination
409,,"On the Nomination — Sarah A.L. Merriam, of Connecticut, to be United States District Judge for the District of Connecticut",0,Nomination
410,,"On the Motion to Discharge — Catherine Elizabeth Lhamon, of California, to be Assistant Secretary for Civil Rights, Department of Education",0,Other
412,,On the Motion — A bill to provide for the publication by the Secretary of Health and Human Services of physical activity recommendations for Americans.,0,Motion
414,,"On the Nomination — Gustavo A. Gelpi, of Puerto Rico, to be United States Circuit Judge for the First Circuit",0,Nomination
416,,"On the Nomination — Christine P. O'Hearn, of New Jersey, to be United States District Judge for the District of New Jersey",0,Nomination
417,,"On the Motion to Discharge — Brian Eddie Nelson, of California, to be Under Secretary for Terrorism and Financial Crimes",0,Other
419,,"On the Nomination — Catherine Elizabeth Lhamon, of California, to be Assistant Secretary for Civil Rights, Department of Education",0,Nomination
420,,"On Cloture on the Motion to Proceed — A bill to expand Americans' access to the ballot box and reduce the influence of big money in politics, and for other purposes.",0,Other
424,,"On the Nomination — Tana Lin, of Washington, to be United States District Judge for the Western District of Washington",0,Nomination
425,,"On the Nomination — Douglas L. Parker, of West Virginia, to be an Assistant Secretary of Labor",0,Nomination
426,,"On the Nomination — Myrna Perez, of New York, to be United States Circuit Judge for the Second Circuit",0,Nomination
432,,"On the Nomination — Jia M. Cobb, of Virginia, to be United States District Judge for the District of Columbia",0,Nomination
433,,"On the Nomination — Karen McGlashan Williams, of New Jersey, to be United States District Judge for the District of New Jersey",0,Nomination
434,,"On the Nomination — Patricia Tolliver Giles, of Virginia, to be United States District Judge for the Eastern District of Virginia",0,Nomination
435,,"On the Nomination — Michael S. Nachmanoff, of Virginia, to be United States District Judge for the Eastern District of Virginia",0,Nomination
436,,"On the Nomination — Sarala Vidya Nagala, of Connecticut, to be United States District Judge for the District of Connecticut",0,Nomination
442,,"On the Nomination — Omar Antonio Williams, of Connecticut, to be United States District Judge for the District of Connecticut",0,Nomination
443,,"On the Nomination — Matthew G. Olsen, of Maryland, to be an Assistant Attorney General",0,Nomination
444,,"On the Nomination — Christopher H. Schroeder, of North Carolina, to be an Assistant Attorney General",0,Nomination
445,,"On the Nomination — Hampton Y. Dellinger, of North Carolina, to be an Assistant Attorney General",0,Nomination
446,,"On the Nomination — Elizabeth Prelogar, of Idaho, to be Solicitor General of the United States",0,Nomination
449,,"On the Nomination — Beth Robinson, of Vermont, to be United States Circuit Judge for the Second Circuit",0,Nomination
450,,"On the Nomination — Toby J. Heytens, of Virginia, to be United States Circuit Judge for the Fourth Circuit",0,Nomination
456,,"On the Nomination — Jonathan Davidson, of Maryland, to be Deputy Under Secretary of the Treasury",0,Nomination
457,,"On the Nomination — Benjamin Harris, of Virginia, to be an Assistant Secretary of the Treasury",0,Nomination
458,,"On the Nomination — Isobel Coleman, of New York, to be a Deputy Administrator of the United States Agency for International Development",0,Nomination
459,,"On Cloture on the Motion to Proceed — A bill to amend the Voting Rights Act of 1965 to revise the criteria for determining which States and political subdivisions are subject to section 4 of the Act, and for other purposes.",0,Other
460,,"On the Nomination — Jeffrey M. Prieto, of California, to be an Assistant Administrator of the Environmental Protection Agency",0,Nomination
461,,"On the Nomination — Rajesh D. Nayak, of Maryland, to be an Assistant Secretary of Labor",0,Nomination
462,,"On the Motion to Discharge — Jennifer Sung, of Oregon, to be United States Circuit Judge for the Ninth Circuit",0,Other
465,,"On the Nomination — Robert Luis Santos, of Texas, to be Director of the Census for a term expiring December 31, 2026",0,Nomination
467,,"On the Nomination — Graham Scott Steele, of California, to be an Assistant Secretary of the Treasury",0,Nomination
469,,"On the Nomination — Robert Farrell Bonnie, of Virginia, to be Under Secretary of Agriculture for Farm Production and Conservation",0,Nomination
470,,"On the Nomination — Jonathan Kanter, of Maryland, to be an Assistant Attorney General",0,Nomination
472,,"On Cloture on the Motion to Proceed — To authorize appropriations for fiscal year 2022 for military activities of the Department of Defense, for military construction, and for defense activities of the Department of Energy, to prescribe military personnel strengths for such fiscal year, and for other purposes.",0,Other
474,,"On the Nomination — Brian Eddie Nelson, of California, to be Under Secretary for Terrorism and Financial Crimes",0,Nomination
475,,"On the Motion to Discharge — Rachael S. Rollins, of Massachusetts, to be United States Attorney for the District of Massachusetts for the term of four years",0,Other
476,,On the Amendment — To prohibit the use of Federal funds for implementing or enforcing COVID-19 vaccine mandates.,0,Amendment
477,,On Passage of the Bill,0,Legislation
479,,"On the Nomination — Jessica Rosenworcel, of Connecticut, to be a Member of the Federal Communications Commission for a term of five years from July 1, 2020",0,Nomination
481,,"On the Nomination — Deirdre Hamilton, of the District of Columbia, to be a Member of the National Mediation Board for a term expiring July 1, 2022",0,Nomination
483,,"On the Nomination — Chris Magnus, of Arizona, to be Commissioner of U.S. Customs and Border Protection, Department of Homeland Security",0,Nomination
484,,On the Motion to Discharge — A joint resolution providing for congressional disapproval of the proposed foreign military sale to the Kingdom of Saudi Arabia of certain defense articles.,0,Other
486,,"On the Nomination — Rachael S. Rollins, of Massachusetts, to be United States Attorney for the District of Massachusetts for the term of four years",0,Nomination
488,,"On the Nomination — Michael D. Smith, of Virginia, to be Chief Executive Officer of the Corporation for National and Community Service",0,Nomination
489,,"On the Joint Resolution — A joint resolution providing for congressional disapproval under chapter 8 of title 5, United States Code, of the rule submitted by the Department of Labor relating to ""COVID-19 Vaccination and Testing; Emergency Temporary Standard"".",0,Legislation
491,,On the Motion — A bill to address behavioral health and well-being among health care professionals.,0,Motion
494,,"On the Nomination — Lucy Haeran Koh, of California, to be United States Circuit Judge for the Ninth Circuit",0,Nomination
497,,On the Motion to Proceed — A joint resolution joint resolution relating to increasing the debt limit.,0,Other
498,,On the Joint Resolution — A joint resolution joint resolution relating to increasing the debt limit.,0,Legislation
499,,"On the Motion — A bill to designate the National Pulse Memorial located at 1912 South Orange Avenue in Orlando, Florida, and for other purposes.",0,Motion
500,,"On the Nomination — Jennifer Sung, of Oregon, to be United States Circuit Judge for the Ninth Circuit",0,Nomination
501,,"On the Nomination — Samantha D. Elliott, of New Hampshire, to be United States District Judge for the District of New Hampshire",0,Nomination
502,,"On the Motion to Discharge — Holly A. Thomas, of California, to be United States Circuit Judge for the Ninth Circuit",0,Other
503,,"On the Nomination — R. Nicholas Burns, of Massachusetts, to be Ambassador to the People's Republic of China",0,Nomination
504,,"On the Nomination — Ramin Toloui, of Iowa, to be an Assistant Secretary of State (Economic and Business Affairs)",0,Nomination
507,,"On the Nomination — Atul Atmaram Gawande, of Massachusetts, to be an Assistant Administrator of the United States Agency for International Development",0,Nomination
509,,"On the Nomination — Linda Lopez, of California, to be United States District Judge for the Southern District of California",0,Nomination
511,,"On the Nomination — Jinsook Ohta, of California, to be United States District Judge for the Southern District of California",0,Nomination
513,,"On the Nomination — David Herrera Urias, of New Mexico, to be United States District Judge for the District of New Mexico",0,Nomination
515,,"On the Nomination — Maame Ewusi-Mensah Frimpong, of California, to be United States District Judge for the Central District of California",0,Nomination
517,,"On the Nomination — Jane M. Beckering, of Michigan, to be United States District Judge for the Western District of Michigan",0,Nomination
519,,"On the Nomination — Shalina D. Kumar, of Michigan, to be United States District Judge for the Eastern District of Michigan",0,Nomination
521,,"On the Nomination — Jennifer L. Thurston, of California, to be United States District Judge for the Eastern District of California",0,Nomination
523,,"On the Nomination — Katherine Marie Menendez, of Minnesota, to be United States District Judge for the District of Minnesota",0,Nomination
525,,"On the Nomination — Mary Katherine Dimke, of Washington, to be United States District Judge for the Eastern District of Washington",0,Nomination
526,,"On the Nomination — Rahm Emanuel, of Illinois, to be Ambassador to Japan",0,Nomination
530,,"On the Nomination — Anne A. Witkowsky, of Maryland, to be an Assistant Secretary of State (Conflict and Stabilization Operations)",0,Nomination
532,,"On the Nomination — Alan Davidson, of Maryland, to be Assistant Secretary of Commerce for Communications and Information",0,Nomination
534,,"On the Nomination — Amitabha Bose, of New Jersey, to be Administrator of the Federal Railroad Administration",0,Nomination
535,,"On the Nomination — Gabriel P. Sanchez, of California, to be United States Circuit Judge for the Ninth Circuit",0,Nomination
536,,"On Passage of the Bill — A bill to require the imposition of sanctions with respect to entities responsible for the planning, construction, or operation of the Nord Stream 2 pipeline and their corporate officers and to apply congressional review under the Countering America's Adversaries Through Sanctions Act to the removal of sanctions relating to Nord Stream 2, and for other purposes.",0,Legislation
538,,"On the Decision of the Chair — A bill to amend title 51, United States Code, to extend the authority of the National Aeronautics and Space Administration to enter into leases of non-excess property of the Administration.",0,Other
539,,"On the Nomination — Holly A. Thomas, of California, to be United States Circuit Judge for the Ninth Circuit",0,Nomination
541,,"On the Nomination — Bridget Meehan Brennan, of Ohio, to be United States District Judge for the Northern District of Ohio",0,Nomination
543,,"On the Nomination — Charles Esque Fleming, of Ohio, to be United States District Judge for the Northern District of Ohio",0,Nomination
545,,"On the Nomination — David Augustin Ruiz, of Ohio, to be United States District Judge for the Northern District of Ohio",0,Nomination
549,,"On the Nomination — Rupa Ranga Puttagunta, of the District of Columbia, to be Associate Judge of the Superior Court of the District of Columbia for the term of fifteen years",0,Nomination
552,,"On the Nomination — Kenia Seoane Lopez, of the District of Columbia, to be an Associate Judge of the Superior Court of the District of Columbia for the term of fifteen years",0,Nomination
553,,"On the Nomination — Sean C. Staples, of the District of Columbia, to be an Associate Judge of the Superior Court of the District of Columbia for the term of fifteen years",0,Nomination
564,,"On the Nomination — Ebony M. Scott, of the District of Columbia, to be an Associate Judge of the Superior Court of the District of Columbia for the term of fifteen years",0,Nomination
565,,"On the Nomination — Donald Walker Tunnage, of the District of Columbia, to be an Associate Judge of the Superior Court of the District of Columbia for a term of fifteen years",0,Nomination
566,,"On the Nomination — John P. Howard III, of the District of Columbia, to be an Associate Judge of the District of Columbia Court of Appeals for the term of fifteen years",0,Nomination
567,,"On the Nomination — Loren L. AliKhan, of the District of Columbia, to be an Associate Judge of the District of Columbia Court of Appeals for a term of fifteen years",0,Nomination
568,,"On the Nomination — Amy Gutmann, of Pennsylvania, to be Ambassador to the Federal Republic of Germany",0,Nomination
569,,"On the Nomination — Lisa A. Carty, of Maryland, to be Representative of the United States of America on the Economic and Social Council of the United Nations, with the rank of Ambassador",0,Nomination
570,,"On the Nomination — Chantale Yokmin Wong, of the District of Columbia, to be United States Director of the Asian Development Bank, with the rank of Ambassador",0,Nomination
571,,"On the Nomination — Scott A. Nathan, of Massachusetts, to be Chief Executive Officer of the United States International Development Finance Corporation",0,Nomination
574,,"On the Nomination — John Patrick Coffey, of New York, to be General Counsel of the Department of the Navy",0,Nomination
575,,"On the Nomination — Alexandra Baker, of New Jersey, to be a Deputy Under Secretary of Defense",0,Nomination
576,,"On the Nomination — Reta Jo Lewis, of Georgia, to be President of the Export-Import Bank of the United States for a term expiring January 20, 2025",0,Nomination
577,,"On the Nomination — Leonard Philip Stark, of Delaware, to be United States Circuit Judge for the Federal Circuit",0,Nomination
578,,"On the Nomination — Neil Harvey MacBride, of Virginia, to be General Counsel for the Department of the Treasury",0,Nomination
579,,"On the Motion to Discharge — Samuel R. Bagenstos, of Michigan, to be General Counsel of the Department of Health and Human Services",0,Other
581,,"On the Nomination — Max Vekich, of Washington, to be a Federal Maritime Commissioner for a term expiring June 30, 2026",0,Nomination
583,,"On the Nomination — Robert McKinnon Califf, of North Carolina, to be Commissioner of Food and Drugs, Department of Health and Human Services",0,Nomination
586,,"On the Nomination — Celeste Ann Wallander, of Maryland, to be an Assistant Secretary of Defense",0,Nomination
589,,On the Amendment — To prohibit funding for COVID-19 vaccine mandates.,0,Amendment
590,,On the Amendment — To prohibit the use of Federal funding for schools and early childhood development facilities that enforce COVID-19 vaccine mandates on children in order to protect the rights of parents to make medical decisions that affect their child.,0,Amendment
591,,On the Amendment — To strike the Statutory PAYGO exemption and require balanced budgets in concurrent resolutions on the budget.,0,Amendment
592,,"On Passage of the Bill — A bill making further continuing appropriations for the fiscal year ending September 30, 2022, and for other purposes.",0,Legislation
593,,"On Cloture on the Motion to Proceed — A bill to protect a person's ability to determine whether to continue or end a pregnancy, and to protect a health care provider's ability to provide abortion services.",0,Other
594,,"On Cloture on the Motion to Proceed — A bill to provide stability to and enhance the services of the United States Postal Service, and for other purposes.",0,Other
595,,"On the Joint Resolution — A joint resolution providing for congressional disapproval under chapter 8 of title 5, United States Code, of the rule submitted by the Centers for Medicare &#38; Medicaid Services relating to ""Medicare and Medicaid Programs; Omnibus COVID-19 Health Care Staff Vaccination"".",0,Legislation
596,,"On the Joint Resolution — A joint resolution relating to a national emergency declared by the President on March 13, 2020.",0,Legislation
598,,"On the Motion — A bill to provide stability to and enhance the services of the United States Postal Service, and for other purposes.",0,Motion
599,,"On Passage of the Bill — A bill to provide stability to and enhance the services of the United States Postal Service, and for other purposes.",0,Legislation
601,,On the Motion to Discharge — A joint resolution providing for congressional disapproval of the proposed foreign military sale to the Government of Egypt of certain defense articles and services.,0,Other
602,,"On the Nomination — Maria L. Pagan, of Puerto Rico, to be a Deputy United States Trade Representative (Geneva Office), with the rank of Ambassador",0,Nomination
603,,On the Amendment — To prohibit funding for COVID-19 vaccine mandates.,0,Amendment
604,,On the Amendment — To prohibit funds from being used for earmarks.,0,Amendment
605,,"On the Amendment — To provide emergency assistance for disaster response and recovery, and for other expenses, directly related to Hurricanes Laura, Delta, and Ida and to provide assistance for the Port Infrastructure Development Program.",0,Amendment
606,,"On the Motion — A bill to measure the progress of post-disaster recovery and efforts to address corruption, governance, rule of law, and media freedoms in Haiti.",0,Motion
608,,"On the Nomination — Shalanda D. Young, of Louisiana, to be Director of the Office of Management and Budget",0,Nomination
609,,"On the Joint Resolution — A joint resolution providing for congressional disapproval under chapter 8 of title 5, United States Code, of the rule submitted by Centers for Disease Control and Prevention relating to ""Requirement for Persons To Wear Masks While on Conveyances and at Transportation Hubs"".",0,Legislation
622,,"On the Nomination — Jacqueline Scott Corley, of California, to be United States District Judge for the Northern District of California",0,Nomination
623,,"On the Nomination — Fred W. Slaughter, of California, to be United States District Judge for the Central District of California",0,Nomination
626,,"On the Nomination — Ruth Bermudez Montenegro, of California, to be United States District Judge for the Southern District of California",0,Nomination
627,,"On the Nomination — Victoria Marie Calvert, of Georgia, to be United States District Judge for the Northern District of Georgia",0,Nomination
628,,On the Motion to Proceed — A bill to provide for a coordinated Federal research initiative to ensure continued United States leadership in engineering biology.,0,Other
629,,"On the Nomination — Julie Rebecca Rubin, of Maryland, to be United States District Judge for the District of Maryland",0,Nomination
630,,"On the Nomination — Hector Gonzalez, of New York, to be United States District Judge for the Eastern District of New York",0,Nomination
631,,"On the Nomination — John H. Chun, of Washington, to be United States District Judge for the Western District of Washington",0,Nomination
632,,"On the Nomination — Cristina D. Silva, of Nevada, to be United States District Judge for the District of Nevada",0,Nomination
633,,"On the Nomination — Anne Rachel Traum, of Nevada, to be United States District Judge for the District of Nevada",0,Nomination
634,,"On the Nomination — Alison J. Nathan, of New York, to be United States Circuit Judge for the Second Circuit",0,Nomination
635,,"On the Nomination — Andrew M. Luger, of Minnesota, to be United States Attorney for the District of Minnesota for the term of four years",0,Nomination
637,,On Passage of the Bill — A bill to provide for a coordinated Federal research initiative to ensure continued United States leadership in engineering biology.,0,Legislation
638,,"On the Motion to Discharge — Lisa DeNell Cook, of Michigan, to be a Member of the Board of Governors of the Federal Reserve System for the unexpired term of fourteen years from February 1, 2010",0,Other
641,,"On the Nomination — Nani A. Coloretti, of California, to be Deputy Director of the Office of Management and Budget",0,Nomination
642,,"On the Nomination — C.S. Eliot Kang, of New Jersey, to be an Assistant Secretary of State (International Security and Non-Proliferation)",0,Nomination
643,,"On the Motion to Discharge — Alvaro M. Bedoya, of Maryland, to be a Federal Trade Commissioner for the term of seven years from September 26, 2019",0,Other
645,,"On the Nomination — Judith DelZoppo Pryor, of Ohio, to be First Vice President of the Export-Import Bank of the United States for a term expiring January 20, 2025",0,Nomination
647,,"On the Nomination — January Contreras, of Arizona, to be Assistant Secretary for Family Support, Department of Health and Human Services",0,Nomination
652,,"On the Nomination — Sarah Elisabeth Geraghty, of Georgia, to be United States District Judge for the Northern District of Georgia",0,Nomination
653,,"On the Nomination — Georgette Castner, of New Jersey, to be United States District Judge for the District of New Jersey",0,Nomination
654,,"On the Motion to Discharge — Ketanji Brown Jackson, of the District of Columbia, to be an Associate Justice of the Supreme Court of the United States",0,Other
655,,"On the Motion to Discharge — Julia Ruth Gordon, of Maryland, to be an Assistant Secretary of Housing and Urban Development",0,Other
656,,"On the Motion to Proceed — Ketanji Brown Jackson, of the District of Columbia, to be an Associate Justice of the Supreme Court of the United States",0,Other
657,,"On Cloture on the Motion to Proceed — A bill making appropriations for the Department of State, foreign operations, and related programs for the fiscal year ending September 30, 2022, and for other purposes.",0,Other
658,,"On the Nomination — James C. O'Brien, of Nebraska, to be Head of the Office of Sanctions Coordination, with the rank of Ambassador",0,Nomination
662,,"On the Nomination — Ketanji Brown Jackson, of the District of Columbia, to be an Associate Justice of the Supreme Court of the United States",0,Nomination
664,,"On the Nomination — Lael Brainard, of the District of Columbia, to be Vice Chairman of the Board of Governors of the Federal Reserve System for a term of four years",0,Nomination
667,,"On the Nomination — Sherilyn Peace Garnett, of California, to be United States District Judge for the Central District of California",0,Nomination
668,,"On the Motion to Proceed — A joint resolution providing for congressional disapproval under chapter 8 of title 5, United States Code, of the rule submitted by the Department of Health and Human Services relating to ""Ensuring Access to Equitable, Affordable, Client-Centered, Quality Family Planning Services"".",0,Other
670,,On the Motion — A bill to provide for a coordinated Federal research initiative to ensure continued United States leadership in engineering biology.,0,Motion
672,,"On the Nomination — Joshua Frost, of New York, to be an Assistant Secretary of the Treasury",0,Nomination
674,,"On the Nomination — Elizabeth de Leon Bhargava, of New York, to be an Assistant Secretary of Housing and Urban Development",0,Nomination
675,,"On the Joint Resolution — A joint resolution providing for congressional disapproval under chapter 8 of title 5, United States Code, of the rule submitted by the Department of Health and Human Services relating to ""Vaccine and Mask Requirements To Mitigate the Spread of COVID-19 in Head Start Programs.",0,Legislation
676,,On the Motion — A bill to provide for a coordinated Federal research initiative to ensure continued United States leadership in engineering biology.,0,Motion
677,,On the Motion — A bill to provide for a coordinated Federal research initiative to ensure continued United States leadership in engineering biology.,0,Motion
678,,On the Motion — A bill to provide for a coordinated Federal research initiative to ensure continued United States leadership in engineering biology.,0,Motion
679,,On the Motion — A bill to provide for a coordinated Federal research initiative to ensure continued United States leadership in engineering biology.,0,Motion
680,,On the Motion — A bill to provide for a coordinated Federal research initiative to ensure continued United States leadership in engineering biology.,0,Motion
683,,On the Motion — A bill to provide for a coordinated Federal research initiative to ensure continued United States leadership in engineering biology.,0,Motion
684,,On the Motion — A bill to provide for a coordinated Federal research initiative to ensure continued United States leadership in engineering biology.,0,Motion
685,,On the Motion — A bill to provide for a coordinated Federal research initiative to ensure continued United States leadership in engineering biology.,0,Motion
686,,On the Motion — A bill to provide for a coordinated Federal research initiative to ensure continued United States leadership in engineering biology.,0,Motion
687,,On the Motion — A bill to provide for a coordinated Federal research initiative to ensure continued United States leadership in engineering biology.,0,Motion
688,,"On the Nomination — Kathryn Huff, of Illinois, to be an Assistant Secretary of Energy (Nuclear Energy)",0,Nomination
690,,"On the Nomination — Ann Claire Phillips, of Virginia, to be Administrator of the Maritime Administration",0,Nomination
692,,"On the Nomination — Asmeret Asefaw Berhe, of California, to be Director of the Office of Science, Department of Energy",0,Nomination
694,,"On the Nomination — Lisa DeNell Cook, of Michigan, to be a Member of the Board of Governors of the Federal Reserve System for the unexpired term of fourteen years from February 1, 2010",0,Nomination
695,,"On the Motion — Charlotte N. Sweeney, of Colorado, to be United States District Judge for the District of Colorado",0,Motion
697,,"On the Nomination — Alvaro M. Bedoya, of Maryland, to be a Federal Trade Commissioner for the term of seven years from September 26, 2019",0,Nomination
698,,"On Cloture on the Motion to Proceed — A bill to protect a person's ability to determine whether to continue or end a pregnancy, and to protect a health care provider's ability to provide abortion services.",0,Other
700,,"On the Nomination — Julia Ruth Gordon, of Maryland, to be an Assistant Secretary of Housing and Urban Development",0,Nomination
702,,"On the Motion to Discharge — Mary T. Boyle, of Maryland, to be a Commissioner of the Consumer Product Safety Commission for a term of seven years from October 27, 2018",0,Other
703,,"On the Nomination — Susan Tsui Grundmann, of Virginia, to be a Member of the Federal Labor Relations Authority for a term of five years expiring July 1, 2025",0,Nomination
704,,"On the Nomination — Jerome H. Powell, of Maryland, to be Chairman of the Board of Governors of the Federal Reserve System for a term of four years",0,Nomination
705,,"On Cloture on the Motion to Proceed — A bill making emergency supplemental appropriations for assistance for the situation in Ukraine for the fiscal year ending September 30, 2022, and for other purposes.",0,Other
706,,"On the Motion to Proceed — A bill making emergency supplemental appropriations for assistance for the situation in Ukraine for the fiscal year ending September 30, 2022, and for other purposes.",0,Other
710,,"On the Nomination — Jennifer Louise Rochon, of New York, to be United States District Judge for the Southern District of New York",0,Nomination
712,,"On the Nomination — Barbara A. Leaf, of Virginia, to be an Assistant Secretary of State (Near Eastern Affairs)",0,Nomination
714,,"On the Nomination — Elizabeth Schoff Watson, of Maryland, to be an Assistant Secretary of Labor",0,Nomination
715,,"On the Nomination — Trina L. Thompson, of California, to be United States District Judge for the Northern District of California",0,Nomination
716,,"On the Nomination — Sunshine Suzanne Sykes, of California, to be United States District Judge for the Central District of California",0,Nomination
719,,"On Passage of the Bill — A bill making emergency supplemental appropriations for assistance for the situation in Ukraine for the fiscal year ending September 30, 2022, and for other purposes.",0,Legislation
722,,"On the Nomination — Stephanie Dawkins Davis, of Michigan, to be United States Circuit Judge for the Sixth Circuit",0,Nomination
724,,"On the Nomination — Dara Lindenbaum, of Virginia, to be a Member of the Federal Election Commission for a term expiring April 30, 2027",0,Nomination
728,,"On the Nomination — Evelyn Padin, of New Jersey, to be United States District Judge for the District of New Jersey",0,Nomination
729,,"On the Nomination — Charlotte N. Sweeney, of Colorado, to be United States District Judge for the District of Colorado",0,Nomination
731,,"On the Nomination — Sandra L. Thompson, of Maryland, to be Director of the Federal Housing Finance Agency for a term of five years",0,Nomination
733,,"On the Nomination — Henry Christopher Frey, of North Carolina, to be an Assistant Administrator of the Environmental Protection Agency",0,Nomination
737,,"On the Nomination — Cathy Ann Harris, of Maryland, to be a Member of the Merit Systems Protection Board for the term of seven years expiring March 1, 2028",0,Nomination
739,,"On the Joint Resolution — A joint resolution providing for congressional disapproval under chapter 8 of title 5, United States Code, of the rule submitted by the Department of Justice and the Department of Homeland Security relating to ""Procedures for Credible Fear Screening and Consideration of Asylum, Withholding of Removal, and CAT Protection Claims by Asylum Officers"".",0,Legislation
740,,"On the Nomination — Marcia Stephens Bloom Bernicat, of New Jersey, a Career Member of the Senior Foreign Service, Class of the Minister-Counselor,  to be Director General of the Foreign Service",0,Nomination
742,,"On the Nomination — Alex Wagner, of the District of Columbia, to be an Assistant Secretary of the Air Force",0,Nomination
745,,"On the Nomination — Kenneth L. Wainstein, of Virginia, to be Under Secretary for Intelligence and Analysis, Department of Homeland Security",0,Nomination
746,,"On the Nomination — Shalanda H. Baker, of Texas, to be Director of the Office of Minority Economic Impact, Department of Energy",0,Nomination
747,,"On the Nomination — Lisa M. Gomez, of New Jersey, to be an Assistant Secretary of Labor",0,Nomination
748,,"On the Nomination — Nina Morrison, of New York, to be United States District Judge for the Eastern District of New York",0,Nomination
749,,"On the Nomination — Todd M. Harper, of Virginia, to be a Member of the National Credit Union Administration Board for a term expiring April 10, 2027",0,Nomination
750,,"On the Nomination — Amy Loyd, of New Mexico, to be Assistant Secretary for Career, Technical, and Adult Education, Department of Education",0,Nomination
751,,"On the Nomination — Robert Steven Huie, of California, to be United States District Judge for the Southern District of California",0,Nomination
752,,"On the Nomination — Samuel R. Bagenstos, of Michigan, to be General Counsel of the Department of Health and Human Services",0,Nomination
754,,On the Amendment — In the nature of a substitute.,0,Amendment
756,,On the Motion to Proceed — A concurrent resolution setting forth the congressional budget for the United States Government for fiscal year 2023 and setting forth the appropriate budgetary levels for fiscal years 2024 through 2032.,0,Other
757,,"On the Nomination — Alan M. Leventhal, of Massachusetts, to be Ambassador to the Kingdom of Denmark",0,Nomination
758,,"On Passage of the Bill — A bill to improve health care and benefits for veterans exposed to toxic substances, and for other purposes.",0,Legislation
761,,"On the Motion to Discharge — Steven M. Dettelbach, of Ohio, to be Director, Bureau of Alcohol, Tobacco, Firearms, and Explosives",0,Other
762,,"On the Nomination — Ana Isabel de Alba, of California, to be United States District Judge for the Eastern District of California",0,Nomination
763,,"On the Motion — A bill to designate the United States Courthouse and Federal Building located at 111 North Adams Street in Tallahassee, Florida, as the ""Joseph Woodrow Hatchett United States Courthouse and Federal Building"", and for other purposes.",0,Motion
764,,"On the Motion to Discharge — Arianna J. Freeman, of Pennsylvania, to be United States Circuit Judge for the Third Circuit",0,Other
765,,"On the Nomination — Mary T. Boyle, of Maryland, to be a Commissioner of the Consumer Product Safety Commission for a term of seven years from October 27, 2018",0,Nomination
766,,"On the Motion to Discharge — Hernan D. Vera, of California, to be United States District Judge for the Central District of California",0,Other
767,,"On the Motion to Discharge — Jessica G. L. Clarke, of New York, to be United States District Judge for the Southern District of New York",0,Other
769,,On the Motion to Table — An act to make our communities safer.,0,Motion
770,,On the Motion — An act to make our communities safer.,0,Motion
772,,"On the Nomination — Ashish S. Vazirani, of Maryland, to be a Deputy Under Secretary of Defense",0,Nomination
774,,"On the Nomination — Steven M. Dettelbach, of Ohio, to be Director, Bureau of Alcohol, Tobacco, Firearms, and Explosives",0,Nomination
776,,"On the Nomination — Michael S. Barr, of Michigan, to be a Member of the Board of Governors of the Federal Reserve System for the unexpired term of fourteen years from February 1, 2018",0,Nomination
778,,"On the Nomination — Michael S. Barr, of Michigan, to be Vice Chairman for Supervision of the Board of Governors of the Federal Reserve System for a term of four years",0,Nomination
780,,"On the Nomination — Owen Edward Herrnstadt, of Maryland, to be a Member of the Board of Directors of the Export-Import Bank of the United States for a term expiring January 20, 2025",0,Nomination
782,,"On the Nomination — Kate Elizabeth Heinzelman, of New York, to be General Counsel of the Central Intelligence Agency",0,Nomination
785,,"On the Nomination — Nina Nin-Yuen Wang, of Colorado, to be United States District Judge for the District of Colorado",0,Nomination
787,,"On the Nomination — Nancy L. Maldonado, of Illinois, to be United States District Judge for the Northern District of Illinois",0,Nomination
788,,"On the Nomination — Julianna Michelle Childs, of South Carolina, to be United States Circuit Judge for the District of Columbia Circuit",0,Nomination
789,,"On the Motion to Proceed — A bill making appropriations for Legislative Branch for the fiscal year ending September 30, 2022, and for other purposes.",0,Other
791,,"On the Nomination — Gregory Brian Williams, of Delaware, to be United States District Judge for the District of Delaware",0,Nomination
792,,"On the Nomination — Bernadette M. Meehan, of New York, to be Ambassador to the Republic of Chile",0,Nomination
793,,On the Motion to Proceed — A concurrent resolution setting forth the congressional budget for the United States Government for fiscal year 2023 and setting forth the appropriate budgetary levels for fiscal years 2024 through 2032.,0,Other
794,,"On the Nomination — Reuben E. Brigety II, of Florida, to be Ambassador to the Republic of South Africa",0,Nomination
795,,"On the Nomination — Shereef M. Elnahal, of New Jersey, to be Under Secretary for Health of the Department of Veterans Affairs",0,Nomination
797,,On the Motion — To improve the bill.,0,Motion
798,,On the Motion — To improve the bill.,0,Motion
799,,"On the Motion — A bill making appropriations for Legislative Branch for the fiscal year ending September 30, 2022, and for other purposes.",0,Motion
802,,"On the Nomination — David Pressman, of New York, to be Ambassador to Hungary",0,Nomination
804,,"On the Nomination — Elizabeth Wilson Hanes, of Virginia, to be United States District Judge for the Eastern District of Virginia",0,Nomination
806,,On the Motion — A bill to improve the Iraq and Afghanistan Service Grant and the Children of Fallen Heroes Grant.,0,Motion
807,,On the Motion — A bill to improve the Iraq and Afghanistan Service Grant and the Children of Fallen Heroes Grant.,0,Motion
808,,On the Motion — A bill to improve the Iraq and Afghanistan Service Grant and the Children of Fallen Heroes Grant.,0,Motion
809,,On the Amendment — To provide a reservation to the Protocol.,0,Amendment
811,,"On the Joint Resolution — A joint resolution providing for congressional disapproval under chapter 8 of title 5, United States Code, of the rule submitted by the Council on Environmental Quality relating to ""National Environmental Policy Act Implementing Regulations Revisions"".",0,Legislation
812,,"On the Nomination — Roopali H. Desai, of Arizona, to be United States Circuit Judge for the Ninth Circuit",0,Nomination
813,,"On the Motion to Discharge — David M. Uhlmann, of Michigan, to be an Assistant Administrator of the Environmental Protection Agency",0,Other
814,,"On the Nomination — Constance J. Milstein, of New York, to be Ambassador to the Republic of Malta",0,Nomination
815,,On the Motion to Proceed — A bill to provide for reconciliation pursuant to title II of S. Con. Res. 14.,0,Other
817,,"On the Amendment — To strike a tax increase that would result in higher consumer prices for gasoline, heating oil, and other energy sources for Americans earning less than $400,000 per year.",0,Amendment
818,,On the Motion — To eliminate the reinstatement of Superfund taxes.,0,Motion
819,,On the Amendment — To require certain additional onshore oil and gas lease sales in certain states.,0,Amendment
821,,On the Amendment — To strike provisions concerning funding for certain activities under the Clean Air Act.,0,Amendment
822,,On the Amendment — To provide additional funding for implementation of title 42.,0,Amendment
823,,On the Motion — To establish a procedure for terminating a determination by Surgeon General to suspend certain entries and imports from designated places.,0,Motion
824,,"On the Amendment — To prevent the use of additional Internal Revenue Service Funds from being used for audits of taxpayers with taxable incomes below $400,000 in order to protect low- and middle-income earning American taxpayers from an onslaught of audits from an army of new Internal Revenue Service auditors funded by an unprecedented, nearly $80.000.000.000, infusion of new funds.",0,Amendment
825,,On the Motion — A bill to provide for reconciliation pursuant to title II of S. Con. Res. 14.,0,Motion
826,,"On the Amendment — To protect patient access to current and future treatments for a range of serious conditions, such as cancer, Alzheimer's disease, HIV/AIDS, Parkinson's disease, and sickle cell disease, among numerous others.",0,Amendment
828,,On the Motion — To expedite consideration of permits and provide regulatory certainty for infrastructure and energy projects.,0,Motion
829,,"On the Amendment — To amend the Internal Revenue Code of 1986 to modify the maximum capital gains tax rate, to provide a partial exclusion for interest received by individuals, to provide inflation adjustments for certain tax benefits, and for other purposes.",0,Amendment
830,,On the Motion — A bill to provide for reconciliation pursuant to title II of S. Con. Res. 14.,0,Motion
831,,On the Amendment — To require oil and gas lease sales in the outer Continental Shelf.,0,Amendment
832,,On the Motion — A bill to provide for reconciliation pursuant to title II of S. Con. Res. 14.,0,Motion
833,,"On the Amendment — To reduce funding for home energy performance-based, whole-house rebates and to provide funding for supplemental payments under the payments in lieu of taxes program.",0,Amendment
834,,On the Amendment — To end the President's War on Coal through the approval of coal leases.,0,Amendment
835,,On the Motion — A bill to provide for reconciliation pursuant to title II of S. Con. Res. 14.,0,Motion
837,,"On the Amendment — To strike the $80,000,000,000 slush fund for the Internal Revenue Service to prevent the hiring of 87,000 new Internal Revenue Service employees that will surveil and audit the private account information and transaction data of innocent Americans and small businesses.",0,Amendment
839,,On the Motion — To provide for certain conditions on the export to China of crude oil from the Strategic Petroleum Reserve.,0,Motion
841,,On the Amendment — To provide for discounted insulin for low- and middle-income Americans.,0,Amendment
842,,On the Motion — In the nature of a substitute.,0,Motion
843,,On the Motion — A bill to provide for reconciliation pursuant to title II of S. Con. Res. 14.,0,Motion
844,,On the Motion — A bill to provide for reconciliation pursuant to title II of S. Con. Res. 14.,0,Motion
845,,On the Motion — A bill to provide for reconciliation pursuant to title II of S. Con. Res. 14.,0,Motion
846,,On the Motion — A bill to provide for reconciliation pursuant to title II of S. Con. Res. 14.,0,Motion
847,,On the Motion — A bill to provide for reconciliation pursuant to title II of S. Con. Res. 14.,0,Motion
848,,"On the Amendment — To replace the funding for the Office of the Chief Readiness Support Officer with a $500,000,000 appropriation for the construction or improvement of primary pedestrian fencing and barriers along the southwest border.",0,Amendment
849,,On the Amendment — Of a perfecting nature.,0,Amendment
850,,On the Motion — A bill to provide for reconciliation pursuant to title II of S. Con. Res. 14.,0,Motion
851,,"On the Amendment — To remove harmful small business taxes, and for other purposes.",0,Amendment
852,,"On the Amendment — To strike the extension of the limitation on State and local taxes and extend the limitation on excess business losses of noncorporate taxpayers, and for other purposes.",0,Amendment
853,,On Passage of the Bill — A bill to provide for reconciliation pursuant to title II of S. Con. Res. 14.,0,Legislation
855,,"On the Nomination — John Z. Lee, of Illinois, to be United States Circuit Judge for the Seventh Circuit",0,Nomination
857,,"On the Nomination — Andre B. Mathis, of Tennessee, to be United States Circuit Judge for the Sixth Circuit",0,Nomination
859,,"On the Nomination — Salvador Mendoza, Jr., of Washington, to be United States Circuit Judge for the Ninth Circuit",0,Nomination
861,,"On the Nomination — Arianna J. Freeman, of Pennsylvania, to be United States Circuit Judge for the Third Circuit",0,Nomination
863,,"On the Nomination — Lara E. Montecalvo, of Rhode Island, to be United States Circuit Judge for the First Circuit",0,Nomination
865,,"On the Nomination — Sarah A. L. Merriam, of Connecticut, to be United States Circuit Judge for the Second Circuit",0,Nomination
866,,"On the Nomination — David P. Pekoske, of Maryland, to be Administrator of the Transportation Security Administration for a term of five years",0,Nomination
868,,"On the Nomination — Florence Y. Pan, of the District of Columbia, to be United States Circuit Judge for the District of Columbia Circuit",0,Nomination
871,,"On the Resolution of Ratification — Amendment to the Montreal Protocol on Substances that Deplete the Ozone Layer (the ""Montreal Protocol""), adopted at Kigali on October 15, 2016, by the Twenty-Eighth Meeting of the Parties to the Montreal Protocol (the ""Kigali Amendment"")",0,Other
875,,"On the Nomination — Amanda Bennett, of the District of Columbia, to be Chief Executive Officer of the United States Agency for Global Media",0,Nomination
876,,"On the Nomination — Arati Prabhakar, of California, to be Director of the Office of Science and Technology Policy",0,Nomination
877,,"On Cloture on the Motion to Proceed — A bill to amend title XXVII of the Public Health Service Act, the Internal Revenue Code of 1986, and the Employee Retirement Income Security Act of 1974 to establish requirements with respect to cost-sharing for certain insulin products, and for other purposes.",0,Other
878,,"On the Nomination — Arianna J. Freeman, of Pennsylvania, to be United States Circuit Judge for the Third Circuit",0,Nomination
879,,"On Passage of the Bill — A bill to amend title XXVII of the Public Health Service Act, the Internal Revenue Code of 1986, and the Employee Retirement Income Security Act of 1974 to establish requirements with respect to cost-sharing for certain insulin products, and for other purposes.",0,Legislation
880,,"On the Nomination — Lisa M. Gomez, of New Jersey, to be an Assistant Secretary of Labor",0,Nomination
882,,"On the Nomination — Maria del R. Antongiorgi-Jordan, of Puerto Rico, to be United States District Judge for the District of Puerto Rico",0,Nomination
883,,"On the Joint Resolution — A joint resolution relating to a national emergency declared by the President on March 13, 2020.",0,Legislation
885,,"On the Motion to Proceed — A bill to repeal the Defense of Marriage Act and ensure respect for State regulation of marriage, and for other purposes.",0,Other
887,,On the Amendment — To improve the bill.,0,Amendment
888,,On the Amendment — To improve the bill.,0,Amendment
889,,On the Amendment — To eliminate a private right of action.,0,Amendment
890,,"On Passage of the Bill — A bill to repeal the Defense of Marriage Act and ensure respect for State regulation of marriage, and for other purposes.",0,Legislation
893,,"On the Nomination — Camille L. Velez-Rive, of Puerto Rico, to be United States District Judge for the District of Puerto Rico",0,Nomination
894,,"On the Nomination — Anne M. Nardacci, of New York, to be United States District Judge for the Northern District of New York",0,Nomination
898,,On the Amendment — In the nature of a substitute.,0,Amendment
899,,On the Concurrent Resolution — A concurrent resolution providing for a correction in the enrollment of H.J. Res. 100.,0,Legislation
900,,On the Resolution — A joint resolution to provide for a resolution with respect to the unresolved disputes between certain railroads represented by the National Carriers' Conference Committee of the National Railway Labor Conference and certain of their employees.,0,Legislation
901,,"On the Nomination — Doris L. Pryor, of Indiana, to be United States Circuit Judge for the Seventh Circuit",0,Nomination
904,,"On the Nomination — Frances Kay Behm, of Michigan, to be United States District Judge for the Eastern District of Michigan",0,Nomination
905,,"On the Nomination — Kelley Brisbon Hodge, of Pennsylvania, to be United States District Judge for the Eastern District of Pennsylvania",0,Nomination
906,,"On the Nomination — Mia Roberts Perez, of Pennsylvania, to be United States District Judge for the Eastern District of Pennsylvania",0,Nomination
908,,"On the Nomination — Kai N. Scott, of Pennsylvania, to be United States District Judge for the Eastern District of Pennsylvania",0,Nomination
909,,"On the Nomination — John Frank Murphy, of Pennsylvania, to be United States District Judge for the Eastern District of Pennsylvania",0,Nomination
911,,"On the Nomination — Jerry W. Blackwell, of Minnesota, to be United States District Judge for the District of Minnesota",0,Nomination
912,,"On the Nomination — Jeffery Paul Hopkins, of Ohio, to be United States District Judge for the Southern District of Ohio",0,Nomination
915,,"On the Nomination — Tamika R. Montgomery-Reeves, of Delaware, to be United States Circuit Judge for the Third Circuit",0,Nomination
916,,"On the Nomination — Dana M. Douglas, of Louisiana, to be United States Circuit Judge for the Fifth Circuit",0,Nomination
917,,"On the Nomination — Jay Curtis Shambaugh, of Maryland, to be an Under Secretary of the Treasury",0,Nomination
918,,"On the Joint Resolution — A joint resolution providing for congressional disapproval under chapter 8 of title 5, United States Code, of the rule submitted by the Department of Education relating to ""Final Priorities, Requirements, Definitions, and Selection Criteria-Expanding Opportunity Through Quality Charter Schools Program (CSP)-Grants to State Entities (State Entity Grants); Grants to Charter Management Organizations for the Replication and Expansion of High-Quality Charter Schools (CMO Grants); and Grants to Charter School Developers for the Opening of New Charter Schools and for the Replication and Expansion of High-Quality Charter Schools (Developer Grants)"".",0,Legislation
919,,"On the Nomination — Francisco O. Mora, of Florida, to be Permanent Representative of the United States of America to the Organization of American States, with the rank of Ambassador",0,Nomination
920,,"On the Nomination — Musetta Tia Johnson, of Virginia, to be a Judge of the United States Court of Appeals for the Armed Forces for a term of fifteen years to expire on the date prescribed by law",0,Nomination
921,,"On the Motion to Proceed — A bill to amend the Weather Research and Forecasting Innovation Act of 2017 to direct the National Oceanic and Atmospheric Administration to provide comprehensive and regularly updated Federal precipitation information, and for other purposes.",0,Other
923,,"On the Motion — A bill to provide for improvements to the rivers and harbors of the United States, to provide for the conservation and development of water and related resources, and for other purposes.",0,Motion
924,,"On the Motion — A bill to provide for improvements to the rivers and harbors of the United States, to provide for the conservation and development of water and related resources, and for other purposes.",0,Motion
925,,"On the Motion — A bill to amend the Weather Research and Forecasting Innovation Act of 2017 to direct the National Oceanic and Atmospheric Administration to provide comprehensive and regularly updated Federal precipitation information, and for other purposes.",0,Motion
926,,"On the Motion — A bill to amend the Weather Research and Forecasting Innovation Act of 2017 to direct the National Oceanic and Atmospheric Administration to provide comprehensive and regularly updated Federal precipitation information, and for other purposes.",0,Motion
927,,"On the Motion — A bill to amend the Weather Research and Forecasting Innovation Act of 2017 to direct the National Oceanic and Atmospheric Administration to provide comprehensive and regularly updated Federal precipitation information, and for other purposes.",0,Motion
928,,"On the Nomination — Martin J. Gruenberg, of Maryland, to be a Member of the Board of Directors of the Federal Deposit Insurance Corporation for a term of six years",0,Nomination
929,,"On the Nomination — R. Russell Rumbaugh, of Nebraska, to be an Assistant Secretary of the Navy",0,Nomination
930,,"On the Nomination — Robert Harley Shriver III, of Virginia, to be Deputy Director of the Office of Personnel Management",0,Nomination
931,,"On the Motion to Proceed — A bill to amend section 1115 of title 31, United States Code, to amend the description of how performance goals are achieved, and for other purposes.",0,Other
933,,"On the Nomination — Agnes Schaefer, of Pennsylvania, to be an Assistant Secretary of the Army",0,Nomination
934,,"On the Nomination — Franklin R. Parker, of the District of Columbia, to be an Assistant Secretary of the Navy",0,Nomination
935,,"On Passage of the Bill — A bill making emergency supplemental appropriations for disaster relief for the fiscal year ending September 30, 2023, and for other purposes.",0,Legislation
936,,On the Motion — In the nature of a substitute.,0,Motion
937,,On the Amendment — To increase the voting threshold for budget points of order.,0,Amendment
938,,On the Amendment — To eliminate all earmarks in the bill.,0,Amendment
939,,On the Amendment — To restrict the use of Federal funds appropriated to the Department of Homeland Security for the transportation of illegal aliens within the United States.,0,Amendment
940,,"On the Amendment — To appropriate amounts for the Executive Office for Immigration Review, U.S. Customs and Border Protection, U.S. Immigration and Customs Enforcement, the Federal Emergency Management Agency, U.S. Citizenship and Immigration Services, refugee and entrant assistance, and other Federal agencies.",0,Amendment
941,,On the Amendment — To prohibit the expenditure of Federal funds to terminate the prohibitions on entry into the United States that are commonly referred to as Title 42.,0,Amendment
942,,On the Amendment — To establish a rule of construction relating to religious entities.,0,Amendment
943,,On the Amendment — To eliminate a waiver of State immunity.,0,Amendment
944,,"On the Amendment — To eliminate discrimination and promote women's health and economic security by ensuring reasonable workplace accommodations for workers whose ability to perform the functions of a job are limited by pregnancy, childbirth, or a related medical condition.",0,Amendment
949,,"On the Motion — A bill to amend section 1115 of title 31, United States Code, to amend the description of how performance goals are achieved, and for other purposes.",0,Motion
