voter,party,color
3613,SVP,#4F7942
3664,SP,#FF0000
5899,SVP,#4F7942
9268,Mitte,#C56C46
10160,SVP,#4F7942
10641,SP,#FF0000
12453,SVP,#4F7942
15191,GLP,#32CD32
17215,SVP,#4F7942
17409,SP,#FF0000
17872,SP,#FF0000
18433,SVP,#4F7942
18465,Mitte,#C56C46
19274,SVP,#4F7942
19775,FDP,#0000FF
20702,Sonstige,#888888
21631,GLP,#32CD32
21847,SVP,#4F7942
25622,FDP,#0000FF
29012,SVP,#4F7942
30499,SP,#FF0000
30520,GLP,#32CD32
30626,Mitte,#C56C46
31296,SP,#FF0000
33074,Mitte,#C56C46
35160,FDP,#0000FF
39221,FDP,#0000FF
42509,Mitte,#C56C46
44546,Mitte,#C56C46
45054,SP,#FF0000
45497,Sonstige,#888888
45660,SP,#FF0000
54593,SP,#FF0000
56576,SVP,#4F7942
59271,SP,#FF0000
60489,FDP,#0000FF
62104,SVP,#4F7942
64363,SVP,#4F7942
64422,SVP,#4F7942
65021,Grüne,#008000
65394,SP,#FF0000
66953,Mitte,#C56C46
69918,FDP,#0000FF
71001,SVP,#4F7942
71117,SP,#FF0000
74346,SVP,#4F7942
82059,SVP,#4F7942
83444,Grüne,#008000
86668,FDP,#0000FF
86839,Mitte,#C56C46
91026,Grüne,#008000
91389,SP,#FF0000
91729,GLP,#32CD32
91922,Sonstige,#888888
93706,Mitte,#C56C46
94875,SP,#FF0000
95844,SVP,#4F7942
96406,EDU,#00008B
98291,SVP,#4F7942
99471,SP,#FF0000
103330,SP,#FF0000
103938,SVP,#4F7942
105894,Grüne,#008000
105954,GLP,#32CD32
106076,SP,#FF0000
108274,Mitte,#C56C46
111029,Grüne,#008000
112047,EDU,#00008B
117539,GLP,#32CD32
119328,GLP,#32CD32
120992,Sonstige,#888888
121210,Grüne,#008000
122880,SP,#FF0000
124064,SVP,#4F7942
125346,Mitte,#C56C46
126757,GLP,#32CD32
129480,SVP,#4F7942
130119,Mitte,#C56C46
132127,GLP,#32CD32
135110,GLP,#32CD32
136444,Mitte,#C56C46
139175,SP,#FF0000
140119,SP,#FF0000
140898,SVP,#4F7942
141041,SVP,#4F7942
141057,Grüne,#008000
141224,GLP,#32CD32
144926,GLP,#32CD32
148578,SVP,#4F7942
150640,Grüne,#008000
150691,Sonstige,#888888
151161,SP,#FF0000
151869,SVP,#4F7942
152734,Mitte,#C56C46
153791,SVP,#4F7942
157152,SP,#FF0000
160838,SP,#FF0000
161351,EVP,#FFA500
161733,Grüne,#008000
162562,SP,#FF0000
167467,SVP,#4F7942
168800,Sonstige,#888888
170034,FDP,#0000FF
172307,SVP,#4F7942
172774,Grüne,#008000
172881,SP,#FF0000
175373,SVP,#4F7942
175845,GLP,#32CD32
178063,SP,#FF0000
178587,SP,#FF0000
181403,SVP,#4F7942
181854,SVP,#4F7942
182534,GLP,#32CD32
183137,Mitte,#C56C46
185582,SP,#FF0000
185663,SVP,#4F7942
186888,SVP,#4F7942
188247,FDP,#0000FF
188563,SP,#FF0000
190243,FDP,#0000FF
191163,FDP,#0000FF
191439,Sonstige,#888888
192964,SP,#FF0000
193574,SVP,#4F7942
193675,SVP,#4F7942
193751,Grüne,#008000
193926,SVP,#4F7942
194995,FDP,#0000FF
197133,GLP,#32CD32
197490,SVP,#4F7942
197692,SP,#FF0000
199630,Grüne,#008000
201019,Sonstige,#888888
204017,Grüne,#008000
207500,Sonstige,#888888
208035,SVP,#4F7942
208224,FDP,#0000FF
210080,SP,#FF0000
210620,FDP,#0000FF
213672,SP,#FF0000
214762,Grüne,#008000
215500,SVP,#4F7942
215647,SVP,#4F7942
215737,FDP,#0000FF
220216,SVP,#4F7942
220220,GLP,#32CD32
224010,Grüne,#008000
224021,FDP,#0000FF
224571,SP,#FF0000
224760,SP,#FF0000
225894,SVP,#4F7942
226015,SVP,#4F7942
226324,GLP,#32CD32
229816,SP,#FF0000
230236,SVP,#4F7942
231839,GLP,#32CD32
235088,SP,#FF0000
237024,SP,#FF0000
237298,Mitte,#C56C46
237954,GLP,#32CD32
238614,FDP,#0000FF
238915,Grüne,#008000
239455,EVP,#FFA500
239564,SVP,#4F7942
239912,GLP,#32CD32
240615,SVP,#4F7942
241265,FDP,#0000FF
242392,Sonstige,#888888
243742,FDP,#0000FF
244958,Grüne,#008000
245085,SVP,#4F7942
246118,SVP,#4F7942
247284,EVP,#FFA500
252526,EVP,#FFA500
253205,FDP,#0000FF
253517,SP,#FF0000
255333,Mitte,#C56C46
255420,SVP,#4F7942
255514,SVP,#4F7942
255673,SVP,#4F7942
257506,SP,#FF0000
261048,SVP,#4F7942
261501,SVP,#4F7942
264569,GLP,#32CD32
264946,SP,#FF0000
268788,FDP,#0000FF
270124,SVP,#4F7942
271504,Grüne,#008000
272053,SP,#FF0000
272054,GLP,#32CD32
274114,SVP,#4F7942
277992,SP,#FF0000
278904,FDP,#0000FF
279013,SVP,#4F7942
279133,SVP,#4F7942
279567,SVP,#4F7942
280143,GLP,#32CD32
280693,Mitte,#C56C46
280785,Sonstige,#888888
284602,FDP,#0000FF
288321,Grüne,#008000
289442,Grüne,#008000
290314,EVP,#FFA500
292663,SP,#FF0000
293323,Mitte,#C56C46
293883,SVP,#4F7942
294052,SVP,#4F7942
296410,SP,#FF0000
299031,FDP,#0000FF
299255,Mitte,#C56C46
299786,FDP,#0000FF
301828,SVP,#4F7942
301962,GLP,#32CD32
305864,SP,#FF0000
306085,SVP,#4F7942
308436,SVP,#4F7942
308834,SVP,#4F7942
308969,SP,#FF0000
309360,SP,#FF0000
309712,SVP,#4F7942
312052,GLP,#32CD32
313682,EVP,#FFA500
314079,EVP,#FFA500
314951,GLP,#32CD32
318833,FDP,#0000FF
325973,GLP,#32CD32
326030,GLP,#32CD32
326828,FDP,#0000FF
327142,Sonstige,#888888
330733,Sonstige,#888888
332107,SVP,#4F7942
333167,SVP,#4F7942
333437,Grüne,#008000
334076,SP,#FF0000
335458,Sonstige,#888888
336556,SP,#FF0000
337455,SP,#FF0000
337655,SP,#FF0000
338144,Mitte,#C56C46
340739,SVP,#4F7942
342051,SVP,#4F7942
342212,GLP,#32CD32
343497,Mitte,#C56C46
343568,SP,#FF0000
343894,FDP,#0000FF
343918,FDP,#0000FF
350589,FDP,#0000FF
352103,SP,#FF0000
352937,SP,#FF0000
353009,EDU,#00008B
353096,Mitte,#C56C46
353621,SP,#FF0000
353783,SVP,#4F7942
353994,SVP,#4F7942
354100,GLP,#32CD32
355438,Sonstige,#888888
357360,Mitte,#C56C46
358807,SVP,#4F7942
359701,Mitte,#C56C46
360425,EVP,#FFA500
360593,SVP,#4F7942
364253,Mitte,#C56C46
365348,SVP,#4F7942
365721,SVP,#4F7942
367407,GLP,#32CD32
367551,SP,#FF0000
368694,SP,#FF0000
374607,SP,#FF0000
376340,Grüne,#008000
377391,SP,#FF0000
379219,FDP,#0000FF
381729,Mitte,#C56C46
383820,SP,#FF0000
385106,FDP,#0000FF
385857,SP,#FF0000
387477,Mitte,#C56C46
391703,SVP,#4F7942
393187,SP,#FF0000
397166,SVP,#4F7942
397332,Mitte,#C56C46
398864,FDP,#0000FF
398876,SVP,#4F7942
400611,GLP,#32CD32
400981,Grüne,#008000
401907,GLP,#32CD32
402496,FDP,#0000FF
403242,SP,#FF0000
405064,SVP,#4F7942
407264,SVP,#4F7942
407578,SVP,#4F7942
408342,SP,#FF0000
409008,GLP,#32CD32
409606,SP,#FF0000
410359,FDP,#0000FF
410488,FDP,#0000FF
410713,SP,#FF0000
411469,EVP,#FFA500
415079,Grüne,#008000
415158,GLP,#32CD32
417097,Grüne,#008000
417606,EVP,#FFA500
418776,Mitte,#C56C46
418866,Grüne,#008000
418960,SVP,#4F7942
419742,FDP,#0000FF
420546,SVP,#4F7942
421017,SVP,#4F7942
421155,GLP,#32CD32
421205,Grüne,#008000
421630,GLP,#32CD32
422479,Mitte,#C56C46
423013,SVP,#4F7942
425218,SP,#FF0000
428208,Sonstige,#888888
428607,GLP,#32CD32
432449,SVP,#4F7942
433002,SP,#FF0000
438855,SP,#FF0000
441155,SVP,#4F7942
444210,FDP,#0000FF
444435,SVP,#4F7942
446890,Grüne,#008000
447638,SVP,#4F7942
448754,SVP,#4F7942
451468,SVP,#4F7942
451888,SVP,#4F7942
452757,SVP,#4F7942
459253,Mitte,#C56C46
459553,SVP,#4F7942
462798,Mitte,#C56C46
464907,Grüne,#008000
469090,SP,#FF0000
470575,Mitte,#C56C46
470973,SVP,#4F7942
471014,SVP,#4F7942
471912,SVP,#4F7942
472579,SP,#FF0000
473116,SP,#FF0000
474016,FDP,#0000FF
474767,SVP,#4F7942
475588,Mitte,#C56C46
476368,SVP,#4F7942
479479,SVP,#4F7942
482126,EVP,#FFA500
485504,Sonstige,#888888
485518,SVP,#4F7942
485758,SVP,#4F7942
487555,GLP,#32CD32
488184,SP,#FF0000
490879,SP,#FF0000
492152,GLP,#32CD32
493646,FDP,#0000FF
500824,SVP,#4F7942
500881,FDP,#0000FF
503529,SVP,#4F7942
504973,SVP,#4F7942
509847,SP,#FF0000
510278,Grüne,#008000
511137,SVP,#4F7942
511745,SP,#FF0000
512030,Grüne,#008000
514957,FDP,#0000FF
516615,SP,#FF0000
518723,EDU,#00008B
518858,Grüne,#008000
519245,SP,#FF0000
519898,Grüne,#008000
520323,Mitte,#C56C46
521978,FDP,#0000FF
523086,SVP,#4F7942
523495,Sonstige,#888888
523897,SVP,#4F7942
524642,SVP,#4F7942
528092,Mitte,#C56C46
528515,SVP,#4F7942
531205,SP,#FF0000
531792,SVP,#4F7942
534906,SVP,#4F7942
535248,Grüne,#008000
537961,SVP,#4F7942
542422,Sonstige,#888888
543009,SVP,#4F7942
544143,SP,#FF0000
551734,Grüne,#008000
552146,FDP,#0000FF
553221,SVP,#4F7942
554658,SVP,#4F7942
555069,SP,#FF0000
555522,GLP,#32CD32
557547,SP,#FF0000
558139,SP,#FF0000
561729,SVP,#4F7942
563464,SP,#FF0000
566862,GLP,#32CD32
568661,SP,#FF0000
568770,GLP,#32CD32
573220,SP,#FF0000
576833,Grüne,#008000
577892,GLP,#32CD32
579403,SVP,#4F7942
581813,Sonstige,#888888
585869,Grüne,#008000
588988,GLP,#32CD32
589026,SVP,#4F7942
589170,SVP,#4F7942
592771,GLP,#32CD32
593146,EVP,#FFA500
594888,SVP,#4F7942
595424,FDP,#0000FF
596589,GLP,#32CD32
600177,GLP,#32CD32
601606,SVP,#4F7942
601746,EDU,#00008B
602055,GLP,#32CD32
609082,SVP,#4F7942
609531,FDP,#0000FF
610339,SVP,#4F7942
611006,Mitte,#C56C46
611607,GLP,#32CD32
613367,GLP,#32CD32
614499,Grüne,#008000
616728,SP,#FF0000
617538,FDP,#0000FF
617832,SVP,#4F7942
618257,SVP,#4F7942
619330,SP,#FF0000
619602,Mitte,#C56C46
619846,SVP,#4F7942
620387,FDP,#0000FF
620488,Mitte,#C56C46
621064,Mitte,#C56C46
625195,SVP,#4F7942
625495,SVP,#4F7942
625849,SP,#FF0000
625850,SVP,#4F7942
626283,FDP,#0000FF
626759,FDP,#0000FF
628564,SVP,#4F7942
629316,Grüne,#008000
630122,SVP,#4F7942
630665,Grüne,#008000
631288,Mitte,#C56C46
631893,SVP,#4F7942
632550,SVP,#4F7942
636652,GLP,#32CD32
636849,FDP,#0000FF
647196,Grüne,#008000
647497,Mitte,#C56C46
649268,SVP,#4F7942
652034,FDP,#0000FF
655145,Mitte,#C56C46
655999,SVP,#4F7942
657863,FDP,#0000FF
658498,Mitte,#C56C46
658981,SP,#FF0000
660691,SVP,#4F7942
662182,GLP,#32CD32
666407,Mitte,#C56C46
667301,GLP,#32CD32
668221,SP,#FF0000
670056,SVP,#4F7942
671042,SP,#FF0000
672348,SVP,#4F7942
673229,EVP,#FFA500
674934,SVP,#4F7942
675407,Sonstige,#888888
675940,SVP,#4F7942
679017,FDP,#0000FF
679629,Grüne,#008000
684338,GLP,#32CD32
689426,SP,#FF0000
689995,SVP,#4F7942
690932,SVP,#4F7942
691307,GLP,#32CD32
692073,SVP,#4F7942
692289,SVP,#4F7942
693548,SVP,#4F7942
695354,EDU,#00008B
697581,GLP,#32CD32
698059,Grüne,#008000
699810,SVP,#4F7942
701883,SVP,#4F7942
701973,SP,#FF0000
702190,Sonstige,#888888
702626,GLP,#32CD32
703034,FDP,#0000FF
703837,SVP,#4F7942
704183,SVP,#4F7942
704224,SVP,#4F7942
704325,SP,#FF0000
706365,GLP,#32CD32
706533,SP,#FF0000
706821,Grüne,#008000
708229,GLP,#32CD32
709068,FDP,#0000FF
710559,EVP,#FFA500
710994,SP,#FF0000
711016,SVP,#4F7942
714390,SP,#FF0000
718749,Grüne,#008000
720086,SP,#FF0000
720142,SP,#FF0000
726725,Grüne,#008000
730033,SVP,#4F7942
734497,FDP,#0000FF
734774,Grüne,#008000
735020,FDP,#0000FF
735145,SVP,#4F7942
738212,SP,#FF0000
738666,Sonstige,#888888
738793,SVP,#4F7942
739880,EVP,#FFA500
740844,EVP,#FFA500
741461,SP,#FF0000
742636,GLP,#32CD32
744166,SP,#FF0000
746681,SVP,#4F7942
749194,SVP,#4F7942
749265,FDP,#0000FF
750609,SP,#FF0000
757436,SP,#FF0000
758652,FDP,#0000FF
760556,GLP,#32CD32
761020,SP,#FF0000
761220,SVP,#4F7942
761349,Grüne,#008000
763604,FDP,#0000FF
768088,SP,#FF0000
769229,FDP,#0000FF
769804,SP,#FF0000
771443,Grüne,#008000
771708,SP,#FF0000
773981,SVP,#4F7942
776548,FDP,#0000FF
776872,Grüne,#008000
777650,Mitte,#C56C46
779144,FDP,#0000FF
779196,GLP,#32CD32
781796,GLP,#32CD32
785428,GLP,#32CD32
785712,Sonstige,#888888
786153,FDP,#0000FF
787285,GLP,#32CD32
787409,Mitte,#C56C46
788328,SVP,#4F7942
792514,SVP,#4F7942
792891,Sonstige,#888888
792976,Grüne,#008000
793360,FDP,#0000FF
798069,SVP,#4F7942
798325,SP,#FF0000
799292,GLP,#32CD32
799494,SP,#FF0000
799849,EDU,#00008B
800951,GLP,#32CD32
803086,EVP,#FFA500
803300,SVP,#4F7942
803355,GLP,#32CD32
805111,SP,#FF0000
805358,SP,#FF0000
808254,GLP,#32CD32
808648,EVP,#FFA500
810071,SP,#FF0000
811601,Mitte,#C56C46
812169,SP,#FF0000
814012,SP,#FF0000
820542,SVP,#4F7942
820617,Grüne,#008000
821243,FDP,#0000FF
823090,EDU,#00008B
826591,SVP,#4F7942
829937,Grüne,#008000
830656,SP,#FF0000
832529,Grüne,#008000
835380,FDP,#0000FF
835485,SVP,#4F7942
836849,SVP,#4F7942
837495,EVP,#FFA500
837597,SP,#FF0000
838393,SP,#FF0000
838422,SVP,#4F7942
838427,GLP,#32CD32
838484,FDP,#0000FF
839620,SVP,#4F7942
844402,Mitte,#C56C46
847967,SVP,#4F7942
848197,GLP,#32CD32
849384,Grüne,#008000
850578,Sonstige,#888888
853505,SVP,#4F7942
855230,Grüne,#008000
855485,SP,#FF0000
856696,SVP,#4F7942
856790,EVP,#FFA500
857270,SVP,#4F7942
857425,SVP,#4F7942
857872,Mitte,#C56C46
858632,GLP,#32CD32
860555,SVP,#4F7942
860855,SP,#FF0000
860909,Mitte,#C56C46
863756,GLP,#32CD32
864626,SVP,#4F7942
865495,FDP,#0000FF
867091,SVP,#4F7942
867520,SVP,#4F7942
869575,SVP,#4F7942
871375,Grüne,#008000
871679,FDP,#0000FF
874595,SP,#FF0000
877356,Mitte,#C56C46
877441,FDP,#0000FF
879503,GLP,#32CD32
880679,SP,#FF0000
885882,GLP,#32CD32
886376,SVP,#4F7942
889560,SP,#FF0000
890679,SVP,#4F7942
892998,SP,#FF0000
894188,SP,#FF0000
895559,SP,#FF0000
897548,GLP,#32CD32
898171,SP,#FF0000
899251,SVP,#4F7942
903128,Grüne,#008000
903979,SVP,#4F7942
913236,SP,#FF0000
913645,GLP,#32CD32
914774,GLP,#32CD32
915484,SP,#FF0000
916941,SVP,#4F7942
918385,Mitte,#C56C46
919431,SP,#FF0000
919859,GLP,#32CD32
921488,EDU,#00008B
922618,GLP,#32CD32
925001,Grüne,#008000
925868,SVP,#4F7942
928059,SP,#FF0000
928364,SVP,#4F7942
929276,SP,#FF0000
929336,SVP,#4F7942
931136,SVP,#4F7942
931381,FDP,#0000FF
932773,Grüne,#008000
934436,SVP,#4F7942
935594,SVP,#4F7942
935950,SVP,#4F7942
939185,SP,#FF0000
939236,FDP,#0000FF
939424,Grüne,#008000
942993,SVP,#4F7942
945072,FDP,#0000FF
948172,FDP,#0000FF
950010,SP,#FF0000
953965,Grüne,#008000
955592,Grüne,#008000
956775,SVP,#4F7942
957096,SVP,#4F7942
957393,SVP,#4F7942
959648,Mitte,#C56C46
963256,SP,#FF0000
963647,SP,#FF0000
964510,SP,#FF0000
969891,SVP,#4F7942
970786,FDP,#0000FF
973793,GLP,#32CD32
975600,SVP,#4F7942
976134,Grüne,#008000
977300,SP,#FF0000
978631,FDP,#0000FF
979086,GLP,#32CD32
980182,Grüne,#008000
982097,SVP,#4F7942
985646,SP,#FF0000
990365,SVP,#4F7942
990375,GLP,#32CD32
994099,Sonstige,#888888
995001,SVP,#4F7942
998795,EVP,#FFA500
1000077,SVP,#4F7942
1002106,SP,#FF0000
1004337,GLP,#32CD32
1006538,Mitte,#C56C46
1007111,FDP,#0000FF
1007988,Grüne,#008000
1007997,GLP,#32CD32
1009939,SP,#FF0000
1010310,FDP,#0000FF
1011860,SP,#FF0000
1012322,SVP,#4F7942
1012358,SP,#FF0000
1014046,SP,#FF0000
1016440,Mitte,#C56C46
1017320,SVP,#4F7942
1019148,SVP,#4F7942
1019229,SP,#FF0000
1020141,SP,#FF0000
1020900,SVP,#4F7942
1026571,EVP,#FFA500
1027483,SP,#FF0000
1027955,SP,#FF0000
1031791,GLP,#32CD32
1034056,FDP,#0000FF
1035573,SVP,#4F7942
1036477,EDU,#00008B
1037685,SP,#FF0000
1039268,FDP,#0000FF
1039634,Grüne,#008000
1040028,FDP,#0000FF
1040203,GLP,#32CD32
1042200,SP,#FF0000
1042295,SVP,#4F7942
1045766,SP,#FF0000
1047579,Sonstige,#888888
1048062,SP,#FF0000
1048089,GLP,#32CD32
1049386,SVP,#4F7942
1049698,SVP,#4F7942
1049832,Mitte,#C56C46
1051030,SP,#FF0000
1051490,Mitte,#C56C46
1052438,SP,#FF0000
1052588,SP,#FF0000
1052779,Mitte,#C56C46
1053598,GLP,#32CD32
1056676,SVP,#4F7942
1057887,FDP,#0000FF
1057988,Sonstige,#888888
1059037,Sonstige,#888888
1059966,SVP,#4F7942
1062707,SP,#FF0000
1063835,FDP,#0000FF
1066279,Mitte,#C56C46
1066290,SP,#FF0000
1068975,GLP,#32CD32
1069507,SP,#FF0000
1069633,Grüne,#008000
1070003,FDP,#0000FF
1070250,EDU,#00008B
1070527,SP,#FF0000
1072765,SVP,#4F7942
1074282,SVP,#4F7942
1084884,GLP,#32CD32
1084938,FDP,#0000FF
1092385,FDP,#0000FF
1093736,FDP,#0000FF
1095193,Mitte,#C56C46
1096437,SP,#FF0000
1098379,GLP,#32CD32
1099535,GLP,#32CD32
1105498,SVP,#4F7942
1108954,GLP,#32CD32
1111116,FDP,#0000FF
1113138,Mitte,#C56C46
1114169,Sonstige,#888888
1114685,FDP,#0000FF
1116217,SP,#FF0000
1116401,Grüne,#008000
1118648,SP,#FF0000
1120317,FDP,#0000FF
1124467,GLP,#32CD32
1125046,SVP,#4F7942
1125285,FDP,#0000FF
1130573,Grüne,#008000
1131096,FDP,#0000FF
1132731,Sonstige,#888888
1135512,SP,#FF0000
1136452,EVP,#FFA500
1136591,Grüne,#008000
1137748,SVP,#4F7942
1137860,FDP,#0000FF
1138167,Mitte,#C56C46
1142334,SP,#FF0000
1147899,Grüne,#008000
1148669,GLP,#32CD32
1148913,GLP,#32CD32
1151593,SVP,#4F7942
1154013,FDP,#0000FF
1156700,Grüne,#008000
1157156,FDP,#0000FF
1158604,SP,#FF0000
1158755,SVP,#4F7942
1160462,Grüne,#008000
1162830,FDP,#0000FF
1163033,SP,#FF0000
1164799,SVP,#4F7942
1165214,SP,#FF0000
1165285,FDP,#0000FF
1166102,Mitte,#C56C46
1166855,Sonstige,#888888
1168055,FDP,#0000FF
1168225,GLP,#32CD32
1171773,FDP,#0000FF
1171974,SVP,#4F7942
1172041,SP,#FF0000
1172284,SVP,#4F7942
1172806,SVP,#4F7942
1173830,Grüne,#008000
1174509,FDP,#0000FF
1174944,SP,#FF0000
1176833,SVP,#4F7942
1176899,SVP,#4F7942
1177109,SVP,#4F7942
1177461,FDP,#0000FF
1177648,FDP,#0000FF
1177933,SP,#FF0000
1178230,FDP,#0000FF
1179284,SP,#FF0000
1181771,SVP,#4F7942
1183480,SVP,#4F7942
1183843,EVP,#FFA500
1184947,FDP,#0000FF
1185450,SVP,#4F7942
1187264,FDP,#0000FF
1191369,SVP,#4F7942
1193214,SVP,#4F7942
1195072,SP,#FF0000
1195692,SVP,#4F7942
1195951,GLP,#32CD32
1195960,SVP,#4F7942
1198168,Mitte,#C56C46
1198468,SP,#FF0000
1198592,Sonstige,#888888
1199270,SVP,#4F7942
1199294,SP,#FF0000
1201570,GLP,#32CD32
1210442,GLP,#32CD32
1211533,GLP,#32CD32
1215569,FDP,#0000FF
1216841,GLP,#32CD32
1217963,Mitte,#C56C46
1220428,SVP,#4F7942
1220633,SVP,#4F7942
1220695,SVP,#4F7942
1221700,Mitte,#C56C46
1223160,Sonstige,#888888
1225414,FDP,#0000FF
1225429,FDP,#0000FF
1225810,GLP,#32CD32
1229632,SP,#FF0000
1230521,EDU,#00008B
1234920,FDP,#0000FF
1237073,SP,#FF0000
1237470,FDP,#0000FF
1239273,Mitte,#C56C46
1242994,Grüne,#008000
1244640,SVP,#4F7942
1245670,SP,#FF0000
1247644,Grüne,#008000
1248316,SVP,#4F7942
1250596,Mitte,#C56C46
1250979,SVP,#4F7942
1251988,GLP,#32CD32
1253946,SP,#FF0000
1262168,SVP,#4F7942
1262616,GLP,#32CD32
1264288,Grüne,#008000
1264809,FDP,#0000FF
1268942,FDP,#0000FF
1270751,Mitte,#C56C46
1272059,SP,#FF0000
1273742,GLP,#32CD32
1275129,FDP,#0000FF
1276469,SVP,#4F7942
1278008,GLP,#32CD32
1278739,Mitte,#C56C46
1281392,Grüne,#008000
1281488,SVP,#4F7942
1284322,SP,#FF0000
1284625,SVP,#4F7942
1288354,SP,#FF0000
1291286,Mitte,#C56C46
1292129,EDU,#00008B
1294109,Sonstige,#888888
1295624,Grüne,#008000
1296523,GLP,#32CD32
1302777,SVP,#4F7942
1303126,Grüne,#008000
1303925,Grüne,#008000
1304653,FDP,#0000FF
1304733,GLP,#32CD32
1304979,FDP,#0000FF
1306679,SVP,#4F7942
1307098,SP,#FF0000
1307610,SP,#FF0000
1309432,FDP,#0000FF
1310018,SP,#FF0000
1310739,Grüne,#008000
1313141,GLP,#32CD32
1314373,Grüne,#008000
1314557,SP,#FF0000
1315054,SVP,#4F7942
1317040,SVP,#4F7942
1322435,Mitte,#C56C46
1326251,SP,#FF0000
1327477,GLP,#32CD32
1337441,Grüne,#008000
1338528,EVP,#FFA500
1341161,Grüne,#008000
1341401,Grüne,#008000
1343143,SP,#FF0000
1344618,Grüne,#008000
1346210,SVP,#4F7942
1350266,FDP,#0000FF
1350649,Grüne,#008000
1354247,SVP,#4F7942
1363116,GLP,#32CD32
1363194,SP,#FF0000
1364079,Sonstige,#888888
1365206,SP,#FF0000
1365967,SP,#FF0000
1366302,SP,#FF0000
1369291,SVP,#4F7942
1372822,SVP,#4F7942
1373149,Sonstige,#888888
1373246,SVP,#4F7942
1375370,Grüne,#008000
1375722,EVP,#FFA500
1376133,SP,#FF0000
1376146,Grüne,#008000
1376729,FDP,#0000FF
1378542,EVP,#FFA500
1381463,SVP,#4F7942
1381502,SVP,#4F7942
1382402,Grüne,#008000
1382827,SP,#FF0000
1383230,SP,#FF0000
1383262,GLP,#32CD32
1383888,SVP,#4F7942
1384082,SVP,#4F7942
1384101,SVP,#4F7942
1385273,SP,#FF0000
1386019,Sonstige,#888888
1389656,SVP,#4F7942
1391984,SVP,#4F7942
1392956,SP,#FF0000
1393947,EDU,#00008B
1395227,FDP,#0000FF
1396495,FDP,#0000FF
1396508,SVP,#4F7942
1399283,SP,#FF0000
1399421,FDP,#0000FF
1401001,SVP,#4F7942
1402556,Grüne,#008000
1404145,FDP,#0000FF
1406014,SVP,#4F7942
1406090,Sonstige,#888888
1413543,FDP,#0000FF
1416598,SP,#FF0000
1417485,SVP,#4F7942
1419216,EVP,#FFA500
1420317,EVP,#FFA500
1421279,Mitte,#C56C46
1421427,FDP,#0000FF
1422509,SVP,#4F7942
1425518,Mitte,#C56C46
1426974,SVP,#4F7942
1429020,Sonstige,#888888
1430017,Mitte,#C56C46
1430098,Grüne,#008000
1431639,Sonstige,#888888
1432653,SVP,#4F7942
1434151,SP,#FF0000
1437662,Mitte,#C56C46
1437810,SP,#FF0000
1437873,SP,#FF0000
1439284,Mitte,#C56C46
1441136,SVP,#4F7942
1442048,GLP,#32CD32
1444629,Grüne,#008000
1446175,Grüne,#008000
1448233,FDP,#0000FF
1448479,SVP,#4F7942
1448882,SP,#FF0000
1448968,GLP,#32CD32
1449512,Sonstige,#888888
1451418,GLP,#32CD32
1456140,Sonstige,#888888
1456597,SP,#FF0000
1456735,SVP,#4F7942
1457495,SVP,#4F7942
1458391,SP,#FF0000
1459454,SVP,#4F7942
1459761,SVP,#4F7942
1460476,SP,#FF0000
1461253,Mitte,#C56C46
1465002,SVP,#4F7942
1465360,Sonstige,#888888
1467813,SP,#FF0000
1468353,EVP,#FFA500
1470087,SVP,#4F7942
1473065,Mitte,#C56C46
1475893,GLP,#32CD32
1477745,FDP,#0000FF
1479017,GLP,#32CD32
1480931,SP,#FF0000
1481131,EDU,#00008B
1481178,GLP,#32CD32
1481447,Grüne,#008000
1481463,SVP,#4F7942
1482082,SP,#FF0000
1485567,GLP,#32CD32
1486473,SVP,#4F7942
1487857,GLP,#32CD32
1490759,FDP,#0000FF
1490991,Mitte,#C56C46
1491026,Grüne,#008000
1491126,SVP,#4F7942
1491442,Grüne,#008000
1493887,SP,#FF0000
1494200,SP,#FF0000
1494453,SVP,#4F7942
1496614,SP,#FF0000
1497054,SVP,#4F7942
1497835,Grüne,#008000
1499703,GLP,#32CD32
1500668,GLP,#32CD32
1500711,SP,#FF0000
1501223,EVP,#FFA500
1507073,SP,#FF0000
1510396,Mitte,#C56C46
1512567,SP,#FF0000
1512952,SP,#FF0000
1515989,GLP,#32CD32
1516663,SP,#FF0000
1517826,SVP,#4F7942
1517876,SP,#FF0000
1518014,FDP,#0000FF
1518189,SVP,#4F7942
1519212,FDP,#0000FF
1521016,FDP,#0000FF
1522023,Sonstige,#888888
1522961,GLP,#32CD32
1524288,SVP,#4F7942
1524292,SP,#FF0000
1527871,GLP,#32CD32
1528105,SVP,#4F7942
1528529,SP,#FF0000
1530957,Mitte,#C56C46
1531793,SP,#FF0000
1532178,GLP,#32CD32
1532244,GLP,#32CD32
1532377,SP,#FF0000
1534876,SVP,#4F7942
1535138,Grüne,#008000
1537970,Mitte,#C56C46
1539004,GLP,#32CD32
1539085,Grüne,#008000
1540653,SVP,#4F7942
1540858,SVP,#4F7942
1541024,Grüne,#008000
1542230,Grüne,#008000
1542294,SVP,#4F7942
1542465,Grüne,#008000
1543275,SP,#FF0000
1543283,Sonstige,#888888
1551272,GLP,#32CD32
1554566,GLP,#32CD32
1556170,Mitte,#C56C46
1558491,SVP,#4F7942
1561573,GLP,#32CD32
1563302,SVP,#4F7942
1563348,SP,#FF0000
1563843,SP,#FF0000
1564275,SVP,#4F7942
1567627,Grüne,#008000
1568001,SVP,#4F7942
1570152,FDP,#0000FF
1573517,SVP,#4F7942
1575171,SP,#FF0000
1575774,SVP,#4F7942
1580219,EDU,#00008B
1581724,SVP,#4F7942
1583555,Sonstige,#888888
1585476,SVP,#4F7942
1586152,SP,#FF0000
1586326,SVP,#4F7942
1586380,SVP,#4F7942
1589285,GLP,#32CD32
1590273,SP,#FF0000
1592116,GLP,#32CD32
1592229,SVP,#4F7942
1592299,Grüne,#008000
1611587,Mitte,#C56C46
1613114,Grüne,#008000
1615439,SVP,#4F7942
1615926,FDP,#0000FF
1616164,FDP,#0000FF
1617713,SVP,#4F7942
1619239,SVP,#4F7942
1620881,Mitte,#C56C46
1621777,GLP,#32CD32
1622855,SP,#FF0000
1623094,SP,#FF0000
1625577,SP,#FF0000
1627750,SVP,#4F7942
1629724,Grüne,#008000
1633363,Grüne,#008000
1633844,SP,#FF0000
1637132,GLP,#32CD32
1637582,Mitte,#C56C46
1638880,EVP,#FFA500
1639530,SVP,#4F7942
1640641,GLP,#32CD32
1643071,SP,#FF0000
1643223,SP,#FF0000
1643537,FDP,#0000FF
1644469,SVP,#4F7942
1647778,FDP,#0000FF
1648004,SVP,#4F7942
1649926,FDP,#0000FF
1651926,FDP,#0000FF
1652237,Mitte,#C56C46
1653865,Mitte,#C56C46
1656275,Sonstige,#888888
1656814,SVP,#4F7942
1658992,FDP,#0000FF
1659254,SP,#FF0000
1660253,SP,#FF0000
1660318,Grüne,#008000
