,beta1,beta2,beta3,beta4,beta5,beta6,beta7,beta8,beta9,beta10,alpha
32214,-320.027,-871.018,1165.629,74.350,262.270,58.746,22.654,-614.843,429.488,324.562,-282.628
32215,448.830,58.350,-1232.692,-4.171,-62.574,-341.924,-17.269,939.596,-132.547,57.373,303.568
32216,-155.757,218.814,2.342,-22.748,-88.087,-123.064,8.715,-47.845,-24.612,-136.338,4.017
32217,-855.964,-1304.917,2604.539,90.939,326.588,-1326.948,55.266,-1627.455,1152.226,371.101,-134.074
32218,-430.327,161.925,631.332,51.883,-12.218,692.924,-47.812,-592.206,-154.241,-46.261,-373.815
32219,395.579,-171.026,-1020.863,27.327,-12.769,-983.852,-23.653,823.410,166.537,161.980,436.556
32220,504.868,74.529,-727.785,-27.863,-29.366,-671.810,-9.696,511.307,122.643,49.693,390.481
32221,-601.137,127.861,753.640,-14.319,31.501,1639.134,38.009,-547.971,-366.626,-149.486,-728.567
32222,-280.089,-138.931,1176.894,1.300,184.475,1400.183,20.639,-855.362,-48.761,34.455,-605.469
32223,273.546,-209.726,-137.845,-2.156,71.555,-628.062,13.355,168.526,267.972,109.565,263.684
32224,220.358,-10.472,-147.440,2.461,115.844,1419.363,-13.290,125.662,-320.631,104.861,-391.384
32225,-135.843,335.023,-10.279,-21.624,-18.305,1764.800,5.172,-54.014,-589.973,-136.136,-549.161
32226,-120.715,-170.356,570.885,-2.996,23.391,-1049.523,17.977,-412.143,464.033,16.441,239.430
32227,182.053,596.178,60.504,-6.784,2.748,1302.177,-54.595,-310.315,-346.106,-117.918,-307.968
32228,-192.410,262.144,-682.711,22.954,-68.229,2571.854,-11.569,532.886,-1072.229,-89.745,-772.241
32229,-416.385,342.710,376.263,-6.844,-10.506,2512.669,5.995,-340.481,-797.350,-176.574,-871.294
32230,-523.593,-409.363,924.046,42.255,29.728,-626.150,25.822,-565.527,306.304,59.677,-37.183
32231,-65.466,126.020,-663.389,7.632,-44.028,1636.850,7.767,548.540,-715.913,-48.171,-463.964
32232,-405.922,317.302,-262.377,10.791,-166.224,1096.500,0.491,160.816,-662.549,-215.447,-368.107
32233,-543.569,155.589,464.186,22.904,-35.887,1732.561,2.650,-356.608,-594.400,-134.718,-681.302
32234,-698.479,250.587,-593.572,36.720,-137.753,3069.979,12.049,558.989,-1290.110,-192.087,-1099.332
32235,1049.661,1400.147,-1049.074,-33.688,-10.586,3195.903,-162.916,185.547,-1101.451,-204.073,-485.631
32236,-1195.431,-61.862,2003.481,-28.370,78.082,2405.805,127.912,-1351.230,-432.446,-270.622,-1175.057
32237,1531.506,-837.460,-2603.397,-27.416,95.090,-2532.475,65.364,2317.007,522.078,434.494,1339.160
32238,407.319,-110.509,-165.830,-16.625,47.945,-1783.814,-6.656,72.464,675.825,99.428,645.975
32239,43.252,255.041,-436.816,-10.796,-38.366,862.663,-13.661,274.819,-378.402,-70.120,-212.677
32240,-928.497,334.563,-223.206,78.418,-215.093,2388.651,-35.836,173.235,-1179.123,-189.239,-955.666
32241,504.276,-9.373,-1089.641,-3.547,-56.724,-1177.578,-17.284,819.140,179.974,80.349,563.173
32242,-1267.984,-395.788,1841.828,17.364,99.306,1754.292,104.303,-1143.559,-263.385,-128.697,-1025.571
32243,-89.922,-276.996,368.327,32.651,51.457,-584.716,-5.114,-219.715,285.731,87.660,112.746
32244,578.169,418.739,-860.897,-30.051,-18.307,352.565,-40.554,483.056,-186.466,-25.882,126.784
32245,-286.391,158.879,788.789,-20.219,21.073,741.888,14.793,-639.471,-79.216,-114.407,-343.508
32246,-98.111,278.440,-129.966,13.007,-12.177,1571.012,-34.626,13.237,-525.507,-52.602,-500.751
32247,-192.978,-73.641,230.856,14.698,5.142,350.330,2.416,-131.385,-116.317,-5.738,-169.798
32248,468.094,-251.818,-802.132,10.085,15.110,-1110.344,-14.064,682.973,285.090,170.606,483.704
32249,-34.139,24.317,23.549,-14.725,-3.036,1156.589,33.127,46.606,-432.221,-33.696,-330.518
32250,704.762,196.733,-1010.017,-9.817,-63.989,-1305.679,-54.647,622.708,237.446,63.017,680.016
32251,-846.271,132.800,1104.310,26.757,6.133,1643.890,3.974,-857.230,-392.570,-156.243,-808.857
32252,409.872,-407.337,-94.518,-1.251,49.796,-2448.907,10.952,143.341,876.956,188.956,829.534
32253,-117.993,57.560,-60.050,16.768,-15.150,555.392,-12.643,32.594,-217.527,-15.028,-199.901
32254,-517.732,208.051,254.539,52.723,-48.342,1900.132,-32.432,-237.171,-701.696,-85.632,-723.180
32255,-221.841,35.932,-143.310,22.650,-23.422,948.328,-5.374,129.128,-396.351,-25.764,-339.646
32256,-169.461,119.567,120.923,24.436,-12.227,385.550,-33.176,-154.972,-113.396,-21.349,-182.260
32257,1117.459,120.659,-1665.804,-24.482,-36.615,-1718.646,-46.791,1153.524,346.110,147.964,945.654
32258,1040.673,-193.286,-1134.034,-8.940,8.077,-2615.847,-44.353,807.314,730.534,227.030,1160.260
32259,646.494,5.796,-728.927,-3.301,78.772,49.220,-39.019,507.773,24.086,148.945,191.268
32260,1218.824,-261.883,-2145.555,17.480,-69.447,-2925.027,-58.839,1639.315,573.987,318.703,1342.218
32261,-2120.812,146.455,4940.587,24.795,185.168,2903.820,61.860,-3869.746,-77.674,-360.011,-1742.974
32262,-1110.455,531.630,275.980,27.701,-68.196,5447.625,10.573,-181.343,-1868.378,-319.654,-1971.672
32263,-2004.033,628.437,2308.595,-17.148,2.027,6737.704,92.236,-1730.267,-1989.115,-576.358,-2675.065
32264,457.636,-184.683,169.189,-30.540,34.235,-2652.560,-0.745,-173.508,991.033,101.748,914.517
32265,520.963,-368.987,-697.575,-1.576,79.763,-911.146,0.460,640.973,321.167,213.189,417.738
32266,1190.439,-368.918,-1265.644,-28.552,47.162,-3024.583,-13.861,988.565,941.651,295.628,1296.776
32267,-95.678,658.627,-487.415,-26.191,-38.665,3358.826,-12.905,253.765,-1218.254,-233.544,-962.011
32268,-328.856,106.513,595.333,-32.899,11.659,770.439,44.609,-423.198,-145.699,-119.016,-359.881
32269,-2.908,-182.951,86.044,32.402,114.200,1348.463,-11.394,-2.315,-302.974,131.348,-450.464
32270,322.121,-477.746,-191.912,-0.924,104.444,-923.585,32.103,299.251,369.528,180.211,365.074
32271,115.007,382.167,-854.257,69.503,-103.372,1207.111,-104.398,478.101,-679.945,24.859,-263.099
32272,-254.038,11.576,516.587,-21.559,19.012,218.115,38.698,-345.066,44.743,-66.504,-182.086
32273,-2303.824,765.968,2606.178,-18.097,-76.994,6114.075,89.476,-1986.056,-1803.654,-684.179,-2598.390
32274,-269.759,7.549,693.285,8.591,5.253,-389.277,-16.137,-580.283,250.853,-27.075,-12.831
32275,-202.941,-186.709,447.105,3.131,36.270,10.858,27.168,-261.155,76.155,4.205,-88.183
32276,721.371,212.886,-1120.967,-15.592,-34.761,-565.768,-42.721,735.007,25.560,65.155,457.394
32277,52.471,-101.215,-70.516,-4.138,12.440,-473.474,10.211,102.387,170.090,38.716,143.406
32278,344.100,-86.403,-194.065,-7.509,18.085,-1071.820,-9.400,123.892,368.179,75.322,433.651
32279,-94.842,-5.623,386.222,-5.644,29.767,-18.080,4.114,-302.801,105.072,-16.485,-47.703
32280,-158.685,309.987,307.312,-12.594,-20.249,766.632,-12.500,-353.471,-198.621,-120.670,-278.391
32281,114.590,84.220,-56.067,-0.508,-0.038,-231.511,-16.953,-21.054,90.997,5.471,106.735
32282,104.020,90.612,-53.428,3.787,11.959,116.670,-19.454,-14.971,-14.138,7.009,-0.422
32283,127.865,54.508,-180.301,-2.519,1.643,-7.452,-10.528,113.433,-10.536,14.625,47.689
32284,64.046,65.817,-47.776,2.525,-2.368,-48.545,-12.014,-5.893,20.719,1.140,37.399
32285,259.309,-40.125,-398.970,-3.437,-1.378,-489.390,-10.533,312.582,110.769,56.537,238.573
32286,-55.302,-53.333,73.375,2.284,2.359,-42.095,5.632,-32.534,16.325,7.294,-9.392
32287,-44.609,-96.320,42.599,-3.652,-16.296,-564.088,10.027,3.110,161.289,3.360,153.814
32288,-222.951,84.389,146.451,7.888,2.614,890.792,-0.451,-114.498,-265.654,-48.464,-347.619
