fit_mae,fit_accuracy,fit_rmse,impute_mae,impute_accuracy,impute_rmse,spread,boundary,distortion_mean,distortion_std,model,sparsity,seed
0.1805,0.8358,0.2534,,,,0.218,0.0253,0.0938,0.0919,linear,0.0,0
0.1793,0.8366,0.252,0.1857,0.8282,0.2626,0.2006,0.0049,0.0934,0.0922,linear,0.3,0
0.1784,0.8377,0.251,0.1886,0.8241,0.2656,0.2006,0.0087,0.0938,0.0925,linear,0.3,1
0.1789,0.8384,0.2518,0.1866,0.8251,0.2633,0.202,0.0049,0.0932,0.0916,linear,0.3,2
0.1784,0.8399,0.2511,0.1872,0.8235,0.2656,0.2024,0.0068,0.0936,0.0926,linear,0.3,3
0.1788,0.8383,0.2518,0.1875,0.8249,0.264,0.2021,0.0078,0.0945,0.0931,linear,0.3,4
0.1745,0.8439,0.2471,0.1904,0.818,0.27,0.1811,0.0,0.0941,0.0931,linear,0.6,0
0.1733,0.8442,0.2454,0.1914,0.8188,0.2716,0.1803,0.0,0.0936,0.0927,linear,0.6,1
0.1722,0.8478,0.2449,0.1913,0.8165,0.2722,0.1826,0.0,0.0931,0.0923,linear,0.6,2
0.1734,0.8469,0.2457,0.1904,0.8204,0.2715,0.1857,0.0,0.093,0.0929,linear,0.6,3
0.174,0.8426,0.2463,0.1918,0.8176,0.272,0.1833,0.0,0.0948,0.0946,linear,0.6,4
0.1419,0.8878,0.2099,0.2223,0.7762,0.3223,0.1535,0.0,0.0937,0.095,linear,0.9,0
0.1391,0.891,0.2061,0.2252,0.77,0.3297,0.1497,0.0,0.0948,0.0971,linear,0.9,1
0.1429,0.8855,0.2112,0.2225,0.7733,0.3256,0.151,0.0,0.0979,0.0991,linear,0.9,2
0.1389,0.8914,0.2062,0.216,0.7862,0.3172,0.1488,0.0,0.0939,0.0963,linear,0.9,3
0.1434,0.8858,0.2106,0.229,0.7661,0.3315,0.1464,0.0,0.096,0.0976,linear,0.9,4
0.1676,0.8533,0.24,,,,0.2093,0.0534,0.0525,0.0484,polynomial,0.0,0
0.166,0.8547,0.2381,0.1743,0.8429,0.2516,0.1809,0.0262,0.0484,0.0464,polynomial,0.3,0
0.1651,0.8557,0.2373,0.1769,0.8394,0.2545,0.1765,0.0321,0.0504,0.0503,polynomial,0.3,1
0.1657,0.8554,0.238,0.1753,0.838,0.2528,0.1789,0.0272,0.0485,0.0476,polynomial,0.3,2
0.1657,0.8542,0.2378,0.1756,0.8368,0.2543,0.1805,0.0272,0.0491,0.0481,polynomial,0.3,3
0.1651,0.8551,0.2376,0.1763,0.838,0.2538,0.1811,0.0311,0.0477,0.0442,polynomial,0.3,4
0.1609,0.8634,0.2326,0.18,0.8316,0.2615,0.1373,0.0029,0.0423,0.0417,polynomial,0.6,0
0.1592,0.8623,0.2305,0.1812,0.8301,0.2641,0.1359,0.0049,0.0457,0.0481,polynomial,0.6,1
0.1584,0.8635,0.2297,0.1814,0.8279,0.265,0.1379,0.0068,0.0461,0.0495,polynomial,0.6,2
0.1599,0.8614,0.2314,0.1799,0.831,0.2624,0.1419,0.001,0.0458,0.0467,polynomial,0.6,3
0.1593,0.8615,0.2309,0.1809,0.8301,0.263,0.1398,0.0029,0.0429,0.0417,polynomial,0.6,4
0.1285,0.9055,0.1917,0.2397,0.7525,0.3539,0.0744,0.0,0.0621,0.0662,polynomial,0.9,0
0.1332,0.8954,0.1986,0.2405,0.7517,0.3539,0.0689,0.0,0.0624,0.0686,polynomial,0.9,1
0.133,0.8957,0.1974,0.2336,0.7615,0.3467,0.0609,0.0,0.0558,0.0662,polynomial,0.9,2
0.1295,0.8967,0.1935,0.2341,0.7581,0.3491,0.0727,0.0,0.0567,0.0641,polynomial,0.9,3
0.1343,0.8983,0.1991,0.2439,0.7496,0.3572,0.0637,0.0,0.1008,0.1248,polynomial,0.9,4
0.1607,0.8594,0.2335,,,,0.2245,0.0525,0.028,0.0223,rff,0.0,0
0.157,0.8632,0.2294,0.1699,0.8452,0.2506,0.1933,0.0253,0.023,0.0182,rff,0.3,0
0.1575,0.8612,0.2301,0.1728,0.844,0.252,0.1856,0.0311,0.0226,0.0197,rff,0.3,1
0.1585,0.8625,0.2307,0.1719,0.8407,0.2512,0.1834,0.034,0.03,0.0312,rff,0.3,2
0.158,0.8619,0.2304,0.1702,0.8426,0.2503,0.1853,0.0136,0.0228,0.0188,rff,0.3,3
0.1569,0.8625,0.2299,0.1708,0.8446,0.2501,0.1901,0.0272,0.0245,0.0214,rff,0.3,4
0.1513,0.8725,0.2225,0.1781,0.8323,0.2637,0.1222,0.0029,0.0244,0.0268,rff,0.6,0
0.1508,0.8692,0.2219,0.1809,0.8293,0.2689,0.1195,0.0039,0.0216,0.0214,rff,0.6,1
0.1486,0.8746,0.2194,0.1789,0.8293,0.2661,0.128,0.0058,0.0245,0.0286,rff,0.6,2
0.15,0.872,0.2215,0.1783,0.8299,0.266,0.1341,0.0049,0.0199,0.0184,rff,0.6,3
0.1497,0.8724,0.2207,0.1788,0.8308,0.2651,0.1206,0.0019,0.0224,0.0226,rff,0.6,4
0.1185,0.9083,0.1823,0.2487,0.7415,0.3696,0.0571,0.0,0.0345,0.0416,rff,0.9,0
0.1236,0.9004,0.1891,0.2475,0.7437,0.3655,0.0535,0.001,0.0391,0.0509,rff,0.9,1
0.1216,0.9051,0.1863,0.2374,0.755,0.3547,0.0598,0.0,0.051,0.0644,rff,0.9,2
0.1176,0.9092,0.1815,0.2402,0.751,0.3599,0.054,0.0,0.0376,0.0458,rff,0.9,3
0.1254,0.9038,0.1899,0.2482,0.7418,0.3669,0.0512,0.0,0.0386,0.0466,rff,0.9,4
