candidateId,party,color
6,Grüne,#008000
17,FDP,#4169E1
40,FDP,#4169E1
41,Grüne,#008000
44,glp,#32CD32
56,SP,#FF0000
91,CVP,#FFA500
98,FDP,#4169E1
108,Grüne,#008000
149,SVP,#006400
159,Grüne,#008000
164,Grüne,#008000
188,BDP,#800020
225,CVP,#FFA500
239,FDP,#4169E1
246,glp,#32CD32
314,CVP,#FFA500
316,CVP,#FFA500
317,CVP,#FFA500
318,CVP,#FFA500
319,CVP,#FFA500
320,BDP,#800020
328,glp,#32CD32
370,FDP,#4169E1
385,glp,#32CD32
493,SP,#FF0000
494,SP,#FF0000
495,SP,#FF0000
527,CVP,#FFA500
595,FDP,#4169E1
613,Grüne,#008000
614,Grüne,#008000
643,CVP,#FFA500
649,BDP,#800020
650,SP,#FF0000
652,BDP,#800020
653,SP,#FF0000
654,SP,#FF0000
657,SVP,#006400
658,SVP,#006400
736,SP,#FF0000
743,SVP,#006400
750,CVP,#FFA500
753,Grüne,#008000
754,Grüne,#008000
760,glp,#32CD32
761,glp,#32CD32
765,Grüne,#008000
772,Grüne,#008000
791,CVP,#FFA500
792,CVP,#FFA500
795,Grüne,#008000
825,SP,#FF0000
832,SP,#FF0000
854,glp,#32CD32
874,Grüne,#008000
878,SP,#FF0000
883,SP,#FF0000
895,Grüne,#008000
903,Grüne,#008000
913,CVP,#FFA500
914,CVP,#FFA500
915,CVP,#FFA500
916,CVP,#FFA500
918,BDP,#800020
919,SP,#FF0000
920,SP,#FF0000
923,Grüne,#008000
925,FDP,#4169E1
931,SVP,#006400
951,FDP,#4169E1
954,SP,#FF0000
955,SP,#FF0000
959,SP,#FF0000
1007,Grüne,#008000
1015,Grüne,#008000
1022,Grüne,#008000
1029,glp,#32CD32
1039,CVP,#FFA500
1040,CVP,#FFA500
1041,BDP,#800020
1042,SP,#FF0000
1043,SP,#FF0000
1044,SP,#FF0000
1045,SP,#FF0000
1049,Grüne,#008000
1078,CVP,#FFA500
1079,SP,#FF0000
1087,CVP,#FFA500
1092,FDP,#4169E1
1093,Grüne,#008000
1114,FDP,#4169E1
1115,SP,#FF0000
1116,Grüne,#008000
1122,SVP,#006400
1123,FDP,#4169E1
1134,Grüne,#008000
1144,Grüne,#008000
1148,glp,#32CD32
1171,FDP,#4169E1
1172,FDP,#4169E1
1185,BDP,#800020
1186,BDP,#800020
1187,SP,#FF0000
1205,SVP,#006400
1219,Grüne,#008000
1226,CVP,#FFA500
1229,SP,#FF0000
1241,FDP,#4169E1
1243,glp,#32CD32
1260,SVP,#006400
1270,BDP,#800020
1275,Grüne,#008000
1276,Grüne,#008000
1281,Grüne,#008000
1284,BDP,#800020
1285,glp,#32CD32
1290,Grüne,#008000
1294,Grüne,#008000
1295,SVP,#006400
1300,FDP,#4169E1
1304,CVP,#FFA500
1305,CVP,#FFA500
1313,BDP,#800020
1314,SP,#FF0000
1315,SP,#FF0000
1316,SP,#FF0000
1319,SVP,#006400
1320,FDP,#4169E1
1321,FDP,#4169E1
1333,SVP,#006400
1351,FDP,#4169E1
1352,FDP,#4169E1
1364,FDP,#4169E1
1366,glp,#32CD32
1371,SVP,#006400
1374,SVP,#006400
1375,SVP,#006400
1386,Grüne,#008000
1391,glp,#32CD32
1393,glp,#32CD32
1399,Grüne,#008000
1405,Grüne,#008000
1407,CVP,#FFA500
1408,Grüne,#008000
1409,FDP,#4169E1
1410,FDP,#4169E1
1411,FDP,#4169E1
1412,FDP,#4169E1
1417,CVP,#FFA500
1426,CVP,#FFA500
1427,glp,#32CD32
1428,SP,#FF0000
1429,SP,#FF0000
1430,SP,#FF0000
1431,SP,#FF0000
1432,SP,#FF0000
1434,FDP,#4169E1
1446,CVP,#FFA500
1447,CVP,#FFA500
1448,CVP,#FFA500
1454,FDP,#4169E1
1456,SP,#FF0000
1458,SP,#FF0000
1463,FDP,#4169E1
1464,Grüne,#008000
1479,Grüne,#008000
1484,SVP,#006400
1487,Grüne,#008000
1509,Grüne,#008000
1515,Grüne,#008000
1527,Grüne,#008000
1530,Grüne,#008000
1532,CVP,#FFA500
1540,CVP,#FFA500
1541,BDP,#800020
1542,BDP,#800020
1544,BDP,#800020
1545,SP,#FF0000
1546,SP,#FF0000
1547,SP,#FF0000
1548,SP,#FF0000
1549,FDP,#4169E1
1550,Grüne,#008000
1553,glp,#32CD32
1568,SP,#FF0000
1569,FDP,#4169E1
1584,SP,#FF0000
1592,SVP,#006400
1600,CVP,#FFA500
1611,glp,#32CD32
1616,Grüne,#008000
1618,Grüne,#008000
1620,SVP,#006400
1621,glp,#32CD32
1622,glp,#32CD32
1625,Grüne,#008000
1626,CVP,#FFA500
1627,CVP,#FFA500
1628,CVP,#FFA500
1629,CVP,#FFA500
1638,BDP,#800020
1639,SP,#FF0000
1640,SP,#FF0000
1645,SVP,#006400
1652,CVP,#FFA500
1653,CVP,#FFA500
1664,SVP,#006400
1682,SVP,#006400
1688,glp,#32CD32
1690,SP,#FF0000
1697,glp,#32CD32
1700,Grüne,#008000
1704,Grüne,#008000
1706,glp,#32CD32
1709,SVP,#006400
1711,Grüne,#008000
1714,SVP,#006400
1715,SVP,#006400
1716,Grüne,#008000
1717,FDP,#4169E1
1718,FDP,#4169E1
1719,FDP,#4169E1
1721,Grüne,#008000
1727,CVP,#FFA500
1728,BDP,#800020
1729,BDP,#800020
1730,BDP,#800020
1731,SP,#FF0000
1732,SP,#FF0000
1733,SP,#FF0000
1734,SP,#FF0000
1735,SP,#FF0000
1736,SP,#FF0000
1737,SVP,#006400
1739,glp,#32CD32
1749,CVP,#FFA500
1750,Grüne,#008000
1751,SP,#FF0000
1753,SVP,#006400
1754,FDP,#4169E1
1757,FDP,#4169E1
1758,SVP,#006400
1759,BDP,#800020
1765,glp,#32CD32
1767,BDP,#800020
1769,SP,#FF0000
1779,glp,#32CD32
1780,glp,#32CD32
1781,glp,#32CD32
1785,Grüne,#008000
1786,SVP,#006400
1787,BDP,#800020
1788,glp,#32CD32
1790,FDP,#4169E1
1791,CVP,#FFA500
1792,CVP,#FFA500
1798,CVP,#FFA500
1800,CVP,#FFA500
1801,BDP,#800020
1802,SP,#FF0000
1803,SP,#FF0000
1804,SP,#FF0000
1805,SP,#FF0000
1806,SP,#FF0000
1807,SP,#FF0000
1808,SP,#FF0000
1809,SP,#FF0000
1810,FDP,#4169E1
1811,SVP,#006400
1813,FDP,#4169E1
1816,FDP,#4169E1
1817,glp,#32CD32
1818,glp,#32CD32
1819,glp,#32CD32
1821,glp,#32CD32
1825,FDP,#4169E1
1827,SVP,#006400
1831,SVP,#006400
1834,Grüne,#008000
1838,glp,#32CD32
1840,SP,#FF0000
1847,BDP,#800020
1849,SVP,#006400
1850,SP,#FF0000
1858,Grüne,#008000
1860,BDP,#800020
1862,Grüne,#008000
1863,Grüne,#008000
1864,Grüne,#008000
1866,BDP,#800020
1867,BDP,#800020
1868,glp,#32CD32
1869,Grüne,#008000
1872,SVP,#006400
1874,FDP,#4169E1
1875,FDP,#4169E1
1878,CVP,#FFA500
1879,CVP,#FFA500
1883,CVP,#FFA500
1884,BDP,#800020
1885,SP,#FF0000
1887,glp,#32CD32
1889,glp,#32CD32
1890,glp,#32CD32
1891,CVP,#FFA500
1892,CVP,#FFA500
1895,CVP,#FFA500
1896,SP,#FF0000
1897,SP,#FF0000
1898,SP,#FF0000
1899,CVP,#FFA500
1900,SP,#FF0000
1902,FDP,#4169E1
1905,glp,#32CD32
1911,FDP,#4169E1
1912,glp,#32CD32
1922,SP,#FF0000
1928,SVP,#006400
1929,SP,#FF0000
1933,glp,#32CD32
1934,glp,#32CD32
1935,glp,#32CD32
1936,glp,#32CD32
1937,glp,#32CD32
1938,glp,#32CD32
1939,Grüne,#008000
1940,BDP,#800020
1941,glp,#32CD32
1944,glp,#32CD32
1946,glp,#32CD32
1948,BDP,#800020
1949,Grüne,#008000
1950,SVP,#006400
1951,Grüne,#008000
1952,SVP,#006400
1954,SVP,#006400
1955,FDP,#4169E1
1956,FDP,#4169E1
1957,FDP,#4169E1
1958,FDP,#4169E1
1961,Grüne,#008000
1962,CVP,#FFA500
1963,CVP,#FFA500
1964,CVP,#FFA500
1965,FDP,#4169E1
1966,FDP,#4169E1
1968,SP,#FF0000
1969,SP,#FF0000
1970,SP,#FF0000
1971,SP,#FF0000
1972,SP,#FF0000
1973,SVP,#006400
1974,FDP,#4169E1
1975,SVP,#006400
1976,SVP,#006400
1977,glp,#32CD32
1978,glp,#32CD32
1982,FDP,#4169E1
1983,FDP,#4169E1
1984,CVP,#FFA500
1985,BDP,#800020
1988,FDP,#4169E1
1992,glp,#32CD32
1994,Grüne,#008000
1998,SP,#FF0000
1999,glp,#32CD32
2001,SP,#FF0000
2002,SP,#FF0000
2003,CVP,#FFA500
2010,glp,#32CD32
2011,glp,#32CD32
2012,glp,#32CD32
2013,glp,#32CD32
2014,Grüne,#008000
2015,Grüne,#008000
2017,BDP,#800020
2018,Grüne,#008000
2020,glp,#32CD32
2022,Grüne,#008000
2023,BDP,#800020
2026,CVP,#FFA500
2027,Grüne,#008000
2028,FDP,#4169E1
2030,CVP,#FFA500
2031,CVP,#FFA500
2032,CVP,#FFA500
2033,CVP,#FFA500
2035,CVP,#FFA500
2036,SP,#FF0000
2037,SP,#FF0000
2038,SP,#FF0000
2040,glp,#32CD32
2041,glp,#32CD32
2042,glp,#32CD32
2043,glp,#32CD32
2048,CVP,#FFA500
2049,SVP,#006400
2052,SP,#FF0000
2053,SP,#FF0000
2054,SVP,#006400
2057,BDP,#800020
2058,BDP,#800020
2060,Grüne,#008000
2066,glp,#32CD32
2067,glp,#32CD32
2068,glp,#32CD32
2072,Grüne,#008000
2073,Grüne,#008000
2076,Grüne,#008000
2077,SP,#FF0000
2080,Grüne,#008000
2081,Grüne,#008000
2082,Grüne,#008000
2083,glp,#32CD32
2084,BDP,#800020
2085,glp,#32CD32
2086,CVP,#FFA500
2087,SVP,#006400
2089,FDP,#4169E1
2090,CVP,#FFA500
2091,CVP,#FFA500
2092,CVP,#FFA500
2095,FDP,#4169E1
2097,BDP,#800020
2098,BDP,#800020
2099,SP,#FF0000
2100,SP,#FF0000
2101,SP,#FF0000
2102,SP,#FF0000
2103,SP,#FF0000
2104,SP,#FF0000
2105,SP,#FF0000
2106,SVP,#006400
2107,SVP,#006400
2110,SVP,#006400
2111,glp,#32CD32
2112,SVP,#006400
2113,SP,#FF0000
2114,FDP,#4169E1
2119,SVP,#006400
2122,CVP,#FFA500
2123,glp,#32CD32
2124,glp,#32CD32
2125,glp,#32CD32
2126,glp,#32CD32
2127,SVP,#006400
2128,FDP,#4169E1
2137,glp,#32CD32
2138,glp,#32CD32
2139,glp,#32CD32
2140,SVP,#006400
2141,BDP,#800020
2142,glp,#32CD32
2143,Grüne,#008000
2144,BDP,#800020
2145,BDP,#800020
2146,BDP,#800020
2149,Grüne,#008000
2151,SVP,#006400
2152,Grüne,#008000
2154,FDP,#4169E1
2155,FDP,#4169E1
2156,FDP,#4169E1
2158,CVP,#FFA500
2159,CVP,#FFA500
2163,CVP,#FFA500
2165,BDP,#800020
2166,SP,#FF0000
2167,SP,#FF0000
2168,SP,#FF0000
2169,SP,#FF0000
2170,SP,#FF0000
2171,SP,#FF0000
2173,FDP,#4169E1
2174,SVP,#006400
2175,SVP,#006400
2176,CVP,#FFA500
2177,CVP,#FFA500
2179,SP,#FF0000
2180,FDP,#4169E1
2181,CVP,#FFA500
2183,SVP,#006400
2184,SP,#FF0000
2187,Grüne,#008000
2190,FDP,#4169E1
2192,glp,#32CD32
2195,FDP,#4169E1
2198,BDP,#800020
2199,SVP,#006400
2201,SP,#FF0000
2202,SP,#FF0000
2205,Grüne,#008000
2206,Grüne,#008000
2209,Grüne,#008000
2210,SVP,#006400
2211,SVP,#006400
2212,glp,#32CD32
2213,SVP,#006400
2215,glp,#32CD32
2216,BDP,#800020
2217,SVP,#006400
2218,SVP,#006400
2219,CVP,#FFA500
2220,SVP,#006400
2221,Grüne,#008000
2222,FDP,#4169E1
2224,FDP,#4169E1
2225,FDP,#4169E1
2226,FDP,#4169E1
2230,CVP,#FFA500
2231,CVP,#FFA500
2232,CVP,#FFA500
2233,CVP,#FFA500
2234,BDP,#800020
2235,BDP,#800020
2236,BDP,#800020
2237,SP,#FF0000
2238,SP,#FF0000
2239,SP,#FF0000
2240,SP,#FF0000
2241,SVP,#006400
2243,FDP,#4169E1
2245,SVP,#006400
2246,SVP,#006400
2248,SP,#FF0000
2249,FDP,#4169E1
2250,CVP,#FFA500
2252,SVP,#006400
2253,SP,#FF0000
2254,FDP,#4169E1
2261,SP,#FF0000
2262,FDP,#4169E1
2263,glp,#32CD32
2264,glp,#32CD32
2265,glp,#32CD32
2266,glp,#32CD32
2267,glp,#32CD32
2268,glp,#32CD32
2271,Grüne,#008000
2272,Grüne,#008000
2276,glp,#32CD32
2278,CVP,#FFA500
2283,glp,#32CD32
2284,glp,#32CD32
2287,glp,#32CD32
2289,SVP,#006400
2290,CVP,#FFA500
2291,FDP,#4169E1
2293,FDP,#4169E1
2294,CVP,#FFA500
2295,CVP,#FFA500
2297,CVP,#FFA500
2299,SP,#FF0000
2300,BDP,#800020
2301,SP,#FF0000
2302,SP,#FF0000
2303,SP,#FF0000
2304,SVP,#006400
2308,FDP,#4169E1
2309,FDP,#4169E1
2310,FDP,#4169E1
2312,glp,#32CD32
2313,SVP,#006400
2314,SVP,#006400
2315,SVP,#006400
2316,FDP,#4169E1
2317,FDP,#4169E1
2318,SVP,#006400
2319,FDP,#4169E1
2322,glp,#32CD32
2325,SVP,#006400
2326,SP,#FF0000
2332,glp,#32CD32
2333,glp,#32CD32
2334,Grüne,#008000
2335,SVP,#006400
2336,glp,#32CD32
2337,Grüne,#008000
2339,glp,#32CD32
2340,BDP,#800020
2341,Grüne,#008000
2342,SVP,#006400
2343,SVP,#006400
2344,Grüne,#008000
2345,FDP,#4169E1
2346,FDP,#4169E1
2347,FDP,#4169E1
2348,CVP,#FFA500
2349,CVP,#FFA500
2350,CVP,#FFA500
2351,CVP,#FFA500
2352,CVP,#FFA500
2353,SP,#FF0000
2354,SP,#FF0000
2355,SP,#FF0000
2356,SP,#FF0000
2357,SP,#FF0000
2359,FDP,#4169E1
2360,FDP,#4169E1
2361,FDP,#4169E1
2362,glp,#32CD32
2363,glp,#32CD32
2364,glp,#32CD32
2365,CVP,#FFA500
2366,FDP,#4169E1
2367,CVP,#FFA500
2368,CVP,#FFA500
2370,CVP,#FFA500
2371,CVP,#FFA500
2372,SVP,#006400
2379,FDP,#4169E1
2383,SP,#FF0000
2384,FDP,#4169E1
2392,Grüne,#008000
2393,BDP,#800020
2395,glp,#32CD32
2396,glp,#32CD32
2397,SVP,#006400
2398,BDP,#800020
2400,glp,#32CD32
2401,glp,#32CD32
2403,Grüne,#008000
2404,CVP,#FFA500
2405,SVP,#006400
2406,FDP,#4169E1
2407,CVP,#FFA500
2408,CVP,#FFA500
2409,CVP,#FFA500
2411,FDP,#4169E1
2412,FDP,#4169E1
2413,SP,#FF0000
2414,SP,#FF0000
2415,SP,#FF0000
2416,SP,#FF0000
2417,SP,#FF0000
2418,SP,#FF0000
2423,FDP,#4169E1
2424,FDP,#4169E1
2425,glp,#32CD32
2426,glp,#32CD32
2427,glp,#32CD32
2428,SVP,#006400
2429,SVP,#006400
2430,SVP,#006400
2431,CVP,#FFA500
2434,SVP,#006400
2435,CVP,#FFA500
2436,SP,#FF0000
2437,CVP,#FFA500
2438,FDP,#4169E1
2441,SVP,#006400
2442,FDP,#4169E1
2446,CVP,#FFA500
2447,CVP,#FFA500
2449,glp,#32CD32
2450,glp,#32CD32
2455,FDP,#4169E1
2458,CVP,#FFA500
2459,CVP,#FFA500
2460,FDP,#4169E1
2464,glp,#32CD32
2465,glp,#32CD32
2466,glp,#32CD32
2468,Grüne,#008000
2470,glp,#32CD32
2471,Grüne,#008000
2472,BDP,#800020
2473,glp,#32CD32
2474,glp,#32CD32
2475,SVP,#006400
2476,Grüne,#008000
2477,CVP,#FFA500
2478,CVP,#FFA500
2479,CVP,#FFA500
2481,FDP,#4169E1
2483,CVP,#FFA500
2484,CVP,#FFA500
2485,CVP,#FFA500
2488,CVP,#FFA500
2489,BDP,#800020
2490,SP,#FF0000
2491,SVP,#006400
2492,SVP,#006400
2495,FDP,#4169E1
2496,SVP,#006400
2498,glp,#32CD32
2499,glp,#32CD32
2500,SVP,#006400
2501,CVP,#FFA500
2502,CVP,#FFA500
2503,CVP,#FFA500
2505,FDP,#4169E1
2519,CVP,#FFA500
2520,glp,#32CD32
2525,SP,#FF0000
2526,CVP,#FFA500
2528,CVP,#FFA500
2532,BDP,#800020
2534,glp,#32CD32
2535,glp,#32CD32
2536,glp,#32CD32
2537,Grüne,#008000
2538,Grüne,#008000
2539,Grüne,#008000
2541,BDP,#800020
2542,BDP,#800020
2544,glp,#32CD32
2545,glp,#32CD32
2546,CVP,#FFA500
2547,CVP,#FFA500
2549,SVP,#006400
2550,Grüne,#008000
2552,FDP,#4169E1
2553,FDP,#4169E1
2555,FDP,#4169E1
2556,CVP,#FFA500
2560,SP,#FF0000
2561,SP,#FF0000
2562,SP,#FF0000
2563,SP,#FF0000
2564,SP,#FF0000
2565,SP,#FF0000
2566,SP,#FF0000
2567,SP,#FF0000
2568,SP,#FF0000
2569,SP,#FF0000
2570,FDP,#4169E1
2571,Grüne,#008000
2573,Grüne,#008000
2574,FDP,#4169E1
2575,FDP,#4169E1
2576,FDP,#4169E1
2577,FDP,#4169E1
2578,glp,#32CD32
2579,glp,#32CD32
2580,glp,#32CD32
2581,SVP,#006400
2582,glp,#32CD32
2583,FDP,#4169E1
2584,SP,#FF0000
2585,CVP,#FFA500
2587,SVP,#006400
2588,SVP,#006400
2591,FDP,#4169E1
2595,CVP,#FFA500
2597,glp,#32CD32
2598,glp,#32CD32
2599,BDP,#800020
2601,SVP,#006400
2604,SP,#FF0000
2606,glp,#32CD32
2609,glp,#32CD32
2610,FDP,#4169E1
2611,FDP,#4169E1
2612,CVP,#FFA500
2613,CVP,#FFA500
2614,CVP,#FFA500
2615,BDP,#800020
2616,SP,#FF0000
2617,SP,#FF0000
2618,SP,#FF0000
2623,FDP,#4169E1
2624,FDP,#4169E1
2625,FDP,#4169E1
2626,FDP,#4169E1
2627,FDP,#4169E1
2628,FDP,#4169E1
2630,glp,#32CD32
2631,glp,#32CD32
2633,SVP,#006400
2634,FDP,#4169E1
2635,FDP,#4169E1
2636,FDP,#4169E1
2638,CVP,#FFA500
2639,CVP,#FFA500
2641,SVP,#006400
2652,glp,#32CD32
2653,glp,#32CD32
2654,glp,#32CD32
2655,glp,#32CD32
2656,SP,#FF0000
2661,SVP,#006400
2669,BDP,#800020
2670,glp,#32CD32
2671,Grüne,#008000
2672,glp,#32CD32
2673,glp,#32CD32
2674,glp,#32CD32
2675,SVP,#006400
2676,BDP,#800020
2677,Grüne,#008000
2679,Grüne,#008000
2680,SVP,#006400
2681,Grüne,#008000
2682,Grüne,#008000
2683,Grüne,#008000
2684,SVP,#006400
2685,SVP,#006400
2686,glp,#32CD32
2687,CVP,#FFA500
2689,FDP,#4169E1
2690,FDP,#4169E1
2691,FDP,#4169E1
2692,FDP,#4169E1
2693,CVP,#FFA500
2694,CVP,#FFA500
2696,CVP,#FFA500
2697,CVP,#FFA500
2699,CVP,#FFA500
2700,BDP,#800020
2702,SP,#FF0000
2703,SP,#FF0000
2704,SP,#FF0000
2705,SP,#FF0000
2706,SP,#FF0000
2707,SP,#FF0000
2708,SP,#FF0000
2709,SP,#FF0000
2710,Grüne,#008000
2711,SVP,#006400
2714,SVP,#006400
2716,SVP,#006400
2717,FDP,#4169E1
2718,FDP,#4169E1
2719,SVP,#006400
2720,glp,#32CD32
2721,SVP,#006400
2722,CVP,#FFA500
2723,CVP,#FFA500
2724,FDP,#4169E1
2725,FDP,#4169E1
2726,CVP,#FFA500
2727,FDP,#4169E1
2729,SP,#FF0000
2738,CVP,#FFA500
2741,glp,#32CD32
2743,SVP,#006400
2747,SP,#FF0000
2750,SP,#FF0000
2754,Grüne,#008000
2755,Grüne,#008000
2757,BDP,#800020
2759,glp,#32CD32
2760,glp,#32CD32
2761,SVP,#006400
2762,BDP,#800020
2765,Grüne,#008000
2766,glp,#32CD32
2768,glp,#32CD32
2769,glp,#32CD32
2770,glp,#32CD32
2771,BDP,#800020
2772,SVP,#006400
2774,glp,#32CD32
2775,SVP,#006400
2776,FDP,#4169E1
2777,FDP,#4169E1
2778,FDP,#4169E1
2780,CVP,#FFA500
2781,CVP,#FFA500
2784,FDP,#4169E1
2788,CVP,#FFA500
2789,CVP,#FFA500
2790,SP,#FF0000
2791,SP,#FF0000
2792,SP,#FF0000
2793,SP,#FF0000
2794,SP,#FF0000
2795,SVP,#006400
2796,SVP,#006400
2798,SVP,#006400
2799,FDP,#4169E1
2803,FDP,#4169E1
2804,FDP,#4169E1
2805,SVP,#006400
2806,glp,#32CD32
2807,glp,#32CD32
2808,glp,#32CD32
2809,SVP,#006400
2810,glp,#32CD32
2812,SP,#FF0000
2814,FDP,#4169E1
2816,CVP,#FFA500
2823,FDP,#4169E1
2825,FDP,#4169E1
2827,FDP,#4169E1
2829,BDP,#800020
2831,SP,#FF0000
2834,CVP,#FFA500
2842,Grüne,#008000
2846,glp,#32CD32
2847,Grüne,#008000
2848,SVP,#006400
2849,BDP,#800020
2850,SVP,#006400
2851,SVP,#006400
2852,SVP,#006400
2853,SVP,#006400
2854,glp,#32CD32
2855,Grüne,#008000
2856,Grüne,#008000
2857,FDP,#4169E1
2858,Grüne,#008000
2859,FDP,#4169E1
2860,FDP,#4169E1
2861,CVP,#FFA500
2862,CVP,#FFA500
2863,CVP,#FFA500
2864,CVP,#FFA500
2869,CVP,#FFA500
2870,CVP,#FFA500
2871,BDP,#800020
2872,SP,#FF0000
2873,SP,#FF0000
2874,SP,#FF0000
2875,SP,#FF0000
2876,SP,#FF0000
2877,SP,#FF0000
2878,SP,#FF0000
2879,Grüne,#008000
2880,SVP,#006400
2884,FDP,#4169E1
2885,FDP,#4169E1
2886,glp,#32CD32
2887,glp,#32CD32
2888,glp,#32CD32
2891,FDP,#4169E1
2892,FDP,#4169E1
2893,CVP,#FFA500
2896,FDP,#4169E1
2898,FDP,#4169E1
2899,FDP,#4169E1
2904,CVP,#FFA500
2905,CVP,#FFA500
2908,glp,#32CD32
2909,glp,#32CD32
2910,glp,#32CD32
2911,glp,#32CD32
2912,glp,#32CD32
2913,glp,#32CD32
2916,SVP,#006400
2918,SP,#FF0000
2920,CVP,#FFA500
2921,Grüne,#008000
2922,CVP,#FFA500
2929,glp,#32CD32
2930,Grüne,#008000
2932,glp,#32CD32
2933,glp,#32CD32
2934,BDP,#800020
2936,BDP,#800020
2937,BDP,#800020
2939,Grüne,#008000
2940,Grüne,#008000
2941,CVP,#FFA500
2942,CVP,#FFA500
2943,CVP,#FFA500
2944,FDP,#4169E1
2946,FDP,#4169E1
2947,FDP,#4169E1
2948,CVP,#FFA500
2949,CVP,#FFA500
2951,CVP,#FFA500
2953,CVP,#FFA500
2954,BDP,#800020
2955,SP,#FF0000
2956,SP,#FF0000
2957,BDP,#800020
2958,SP,#FF0000
2959,SP,#FF0000
2960,SVP,#006400
2962,FDP,#4169E1
2964,SVP,#006400
2965,SVP,#006400
2966,glp,#32CD32
2967,SVP,#006400
2968,SVP,#006400
2969,SVP,#006400
2970,SVP,#006400
2971,glp,#32CD32
2972,CVP,#FFA500
2973,CVP,#FFA500
2974,CVP,#FFA500
2975,FDP,#4169E1
2976,CVP,#FFA500
2977,FDP,#4169E1
2978,CVP,#FFA500
2979,CVP,#FFA500
2980,CVP,#FFA500
2981,SVP,#006400
2982,FDP,#4169E1
2992,glp,#32CD32
2993,glp,#32CD32
2994,glp,#32CD32
2995,glp,#32CD32
2996,Grüne,#008000
2999,SVP,#006400
3001,SP,#FF0000
3003,CVP,#FFA500
3008,glp,#32CD32
3009,Grüne,#008000
3011,BDP,#800020
3012,glp,#32CD32
3014,SVP,#006400
3015,Grüne,#008000
3016,BDP,#800020
3017,glp,#32CD32
3018,glp,#32CD32
3019,Grüne,#008000
3020,FDP,#4169E1
3021,FDP,#4169E1
3023,FDP,#4169E1
3024,CVP,#FFA500
3025,CVP,#FFA500
3026,CVP,#FFA500
3027,CVP,#FFA500
3028,CVP,#FFA500
3030,CVP,#FFA500
3031,CVP,#FFA500
3032,FDP,#4169E1
3033,CVP,#FFA500
3034,CVP,#FFA500
3036,SP,#FF0000
3037,SP,#FF0000
3038,SP,#FF0000
3039,SP,#FF0000
3040,SP,#FF0000
3041,Grüne,#008000
3044,SVP,#006400
3045,FDP,#4169E1
3046,FDP,#4169E1
3047,SVP,#006400
3048,SVP,#006400
3049,SVP,#006400
3050,glp,#32CD32
3051,SVP,#006400
3052,glp,#32CD32
3054,SVP,#006400
3055,FDP,#4169E1
3058,CVP,#FFA500
3059,SVP,#006400
3060,FDP,#4169E1
3062,SP,#FF0000
3067,SVP,#006400
3068,CVP,#FFA500
3069,CVP,#FFA500
3070,CVP,#FFA500
3071,FDP,#4169E1
3072,glp,#32CD32
3073,glp,#32CD32
3079,BDP,#800020
3080,BDP,#800020
3084,glp,#32CD32
3085,CVP,#FFA500
3089,CVP,#FFA500
3098,Grüne,#008000
3100,BDP,#800020
3101,BDP,#800020
3102,glp,#32CD32
3103,glp,#32CD32
3104,glp,#32CD32
3105,Grüne,#008000
3106,Grüne,#008000
3107,Grüne,#008000
3108,Grüne,#008000
3109,BDP,#800020
3110,BDP,#800020
3111,Grüne,#008000
3112,SVP,#006400
3114,Grüne,#008000
3115,CVP,#FFA500
3116,Grüne,#008000
3117,FDP,#4169E1
3120,FDP,#4169E1
3121,CVP,#FFA500
3122,CVP,#FFA500
3123,CVP,#FFA500
3124,FDP,#4169E1
3125,glp,#32CD32
3126,SP,#FF0000
3127,SP,#FF0000
3128,SP,#FF0000
3129,SP,#FF0000
3130,SP,#FF0000
3131,Grüne,#008000
3135,FDP,#4169E1
3136,FDP,#4169E1
3137,SVP,#006400
3138,FDP,#4169E1
3139,BDP,#800020
3140,glp,#32CD32
3141,glp,#32CD32
3142,glp,#32CD32
3143,SVP,#006400
3144,SVP,#006400
3145,glp,#32CD32
3146,CVP,#FFA500
3147,SVP,#006400
3148,SVP,#006400
3149,FDP,#4169E1
3150,FDP,#4169E1
3151,CVP,#FFA500
3152,CVP,#FFA500
3153,FDP,#4169E1
3155,FDP,#4169E1
3156,SVP,#006400
3162,Grüne,#008000
3164,FDP,#4169E1
3165,CVP,#FFA500
3166,CVP,#FFA500
3167,glp,#32CD32
3168,glp,#32CD32
3169,glp,#32CD32
3170,glp,#32CD32
3171,glp,#32CD32
3173,SP,#FF0000
3174,BDP,#800020
3177,Grüne,#008000
3179,Grüne,#008000
3180,SVP,#006400
3183,glp,#32CD32
3184,CVP,#FFA500
3185,CVP,#FFA500
3186,CVP,#FFA500
3187,CVP,#FFA500
3195,Grüne,#008000
3198,Grüne,#008000
3199,Grüne,#008000
3201,BDP,#800020
3204,Grüne,#008000
3206,Grüne,#008000
3208,glp,#32CD32
3209,Grüne,#008000
3210,CVP,#FFA500
3211,CVP,#FFA500
3212,SVP,#006400
3213,FDP,#4169E1
3215,FDP,#4169E1
3216,FDP,#4169E1
3217,FDP,#4169E1
3218,FDP,#4169E1
3219,CVP,#FFA500
3220,CVP,#FFA500
3221,CVP,#FFA500
3222,CVP,#FFA500
3223,CVP,#FFA500
3224,CVP,#FFA500
3226,SP,#FF0000
3227,SP,#FF0000
3228,SP,#FF0000
3229,SP,#FF0000
3230,SP,#FF0000
3231,SP,#FF0000
3232,SP,#FF0000
3233,SP,#FF0000
3234,SP,#FF0000
3235,SP,#FF0000
3237,SP,#FF0000
3238,SP,#FF0000
3239,SP,#FF0000
3240,Grüne,#008000
3242,SVP,#006400
3243,SVP,#006400
3245,SVP,#006400
3246,FDP,#4169E1
3247,SVP,#006400
3249,SVP,#006400
3251,glp,#32CD32
3252,glp,#32CD32
3253,glp,#32CD32
3254,CVP,#FFA500
3255,CVP,#FFA500
3257,SP,#FF0000
3258,SP,#FF0000
3259,SVP,#006400
3260,FDP,#4169E1
3261,CVP,#FFA500
3262,CVP,#FFA500
3264,glp,#32CD32
3265,SVP,#006400
3266,SVP,#006400
3273,CVP,#FFA500
3275,FDP,#4169E1
3276,glp,#32CD32
3279,BDP,#800020
3283,SVP,#006400
3284,CVP,#FFA500
3287,CVP,#FFA500
3288,SVP,#006400
3295,BDP,#800020
3296,BDP,#800020
3300,Grüne,#008000
3301,Grüne,#008000
3306,SVP,#006400
3307,SVP,#006400
3308,Grüne,#008000
3309,Grüne,#008000
3310,FDP,#4169E1
3311,FDP,#4169E1
3314,CVP,#FFA500
3315,CVP,#FFA500
3316,CVP,#FFA500
3317,CVP,#FFA500
3318,CVP,#FFA500
3319,CVP,#FFA500
3320,CVP,#FFA500
3321,CVP,#FFA500
3322,CVP,#FFA500
3323,CVP,#FFA500
3324,CVP,#FFA500
3327,SP,#FF0000
3328,SP,#FF0000
3329,BDP,#800020
3330,SP,#FF0000
3331,SP,#FF0000
3332,SP,#FF0000
3333,SP,#FF0000
3334,Grüne,#008000
3335,SVP,#006400
3336,SVP,#006400
3338,FDP,#4169E1
3339,FDP,#4169E1
3340,FDP,#4169E1
3341,SVP,#006400
3343,SVP,#006400
3345,SP,#FF0000
3346,FDP,#4169E1
3347,FDP,#4169E1
3348,FDP,#4169E1
3349,CVP,#FFA500
3350,CVP,#FFA500
3351,SP,#FF0000
3352,SVP,#006400
3356,CVP,#FFA500
3359,SVP,#006400
3360,CVP,#FFA500
3362,FDP,#4169E1
3363,glp,#32CD32
3364,SP,#FF0000
3365,Grüne,#008000
3366,BDP,#800020
3374,CVP,#FFA500
3380,Grüne,#008000
3381,Grüne,#008000
3382,BDP,#800020
3383,glp,#32CD32
3384,glp,#32CD32
3385,glp,#32CD32
3386,glp,#32CD32
3387,Grüne,#008000
3388,Grüne,#008000
3389,SVP,#006400
3392,Grüne,#008000
3395,Grüne,#008000
3396,glp,#32CD32
3397,Grüne,#008000
3398,BDP,#800020
3399,glp,#32CD32
3400,Grüne,#008000
3401,glp,#32CD32
3402,glp,#32CD32
3404,Grüne,#008000
3405,CVP,#FFA500
3406,FDP,#4169E1
3408,CVP,#FFA500
3409,CVP,#FFA500
3410,CVP,#FFA500
3411,CVP,#FFA500
3412,CVP,#FFA500
3413,CVP,#FFA500
3418,SP,#FF0000
3419,SP,#FF0000
3420,SP,#FF0000
3421,SP,#FF0000
3426,FDP,#4169E1
3427,FDP,#4169E1
3428,SVP,#006400
3429,glp,#32CD32
3432,SVP,#006400
3433,SVP,#006400
3434,glp,#32CD32
3435,CVP,#FFA500
3437,FDP,#4169E1
3438,FDP,#4169E1
3439,FDP,#4169E1
3440,FDP,#4169E1
3441,CVP,#FFA500
3442,CVP,#FFA500
3443,FDP,#4169E1
3445,CVP,#FFA500
3447,SVP,#006400
3448,SVP,#006400
3457,FDP,#4169E1
3460,SVP,#006400
3464,glp,#32CD32
3465,glp,#32CD32
3466,glp,#32CD32
3469,BDP,#800020
3470,Grüne,#008000
3471,Grüne,#008000
3472,BDP,#800020
3478,SP,#FF0000
3479,Grüne,#008000
3480,SP,#FF0000
3486,Grüne,#008000
3487,Grüne,#008000
3491,glp,#32CD32
3493,Grüne,#008000
3494,glp,#32CD32
3495,Grüne,#008000
3498,SVP,#006400
3499,glp,#32CD32
3500,CVP,#FFA500
3501,CVP,#FFA500
3502,CVP,#FFA500
3503,Grüne,#008000
3504,FDP,#4169E1
3506,Grüne,#008000
3507,CVP,#FFA500
3508,CVP,#FFA500
3509,CVP,#FFA500
3510,CVP,#FFA500
3511,CVP,#FFA500
3514,SP,#FF0000
3515,SP,#FF0000
3516,SP,#FF0000
3517,SP,#FF0000
3518,SP,#FF0000
3519,SP,#FF0000
3522,FDP,#4169E1
3523,FDP,#4169E1
3525,FDP,#4169E1
3526,SVP,#006400
3527,glp,#32CD32
3528,glp,#32CD32
3529,glp,#32CD32
3530,glp,#32CD32
3531,glp,#32CD32
3532,glp,#32CD32
3533,CVP,#FFA500
3534,CVP,#FFA500
3535,CVP,#FFA500
3536,CVP,#FFA500
3537,CVP,#FFA500
3539,SP,#FF0000
3540,SVP,#006400
3542,CVP,#FFA500
3543,CVP,#FFA500
3555,SVP,#006400
3559,glp,#32CD32
3560,BDP,#800020
3564,CVP,#FFA500
3565,CVP,#FFA500
3566,CVP,#FFA500
3567,CVP,#FFA500
3570,BDP,#800020
3576,Grüne,#008000
3577,Grüne,#008000
3578,Grüne,#008000
3579,Grüne,#008000
3580,Grüne,#008000
3581,BDP,#800020
3584,glp,#32CD32
3585,glp,#32CD32
3588,Grüne,#008000
3590,glp,#32CD32
3591,BDP,#800020
3592,BDP,#800020
3593,Grüne,#008000
3594,BDP,#800020
3595,Grüne,#008000
3596,Grüne,#008000
3597,glp,#32CD32
3598,CVP,#FFA500
3599,CVP,#FFA500
3601,FDP,#4169E1
3603,FDP,#4169E1
3604,FDP,#4169E1
3605,CVP,#FFA500
3606,CVP,#FFA500
3607,CVP,#FFA500
3608,CVP,#FFA500
3610,BDP,#800020
3611,SP,#FF0000
3612,SP,#FF0000
3613,SP,#FF0000
3614,SP,#FF0000
3615,SP,#FF0000
3616,FDP,#4169E1
3617,SVP,#006400
3621,FDP,#4169E1
3622,FDP,#4169E1
3623,SVP,#006400
3624,FDP,#4169E1
3625,FDP,#4169E1
3626,FDP,#4169E1
3627,glp,#32CD32
3628,glp,#32CD32
3629,glp,#32CD32
3630,CVP,#FFA500
3632,SVP,#006400
3633,FDP,#4169E1
3634,FDP,#4169E1
3635,FDP,#4169E1
3636,FDP,#4169E1
3637,CVP,#FFA500
3638,CVP,#FFA500
3639,CVP,#FFA500
3648,CVP,#FFA500
3650,glp,#32CD32
3651,glp,#32CD32
3653,FDP,#4169E1
3654,Grüne,#008000
3655,SP,#FF0000
3658,SVP,#006400
3663,SVP,#006400
3668,Grüne,#008000
3669,BDP,#800020
3672,glp,#32CD32
3673,Grüne,#008000
3674,glp,#32CD32
3675,SVP,#006400
3676,SVP,#006400
3677,glp,#32CD32
3678,Grüne,#008000
3679,Grüne,#008000
3681,CVP,#FFA500
3682,CVP,#FFA500
3683,CVP,#FFA500
3684,SVP,#006400
3685,SVP,#006400
3686,SVP,#006400
3687,FDP,#4169E1
3688,FDP,#4169E1
3689,FDP,#4169E1
3693,CVP,#FFA500
3694,CVP,#FFA500
3695,CVP,#FFA500
3696,CVP,#FFA500
3697,CVP,#FFA500
3698,CVP,#FFA500
3700,CVP,#FFA500
3701,CVP,#FFA500
3702,CVP,#FFA500
3703,CVP,#FFA500
3704,CVP,#FFA500
3705,FDP,#4169E1
3706,BDP,#800020
3707,BDP,#800020
3708,SP,#FF0000
3709,SP,#FF0000
3710,SP,#FF0000
3711,SP,#FF0000
3712,SVP,#006400
3713,SVP,#006400
3714,FDP,#4169E1
3715,FDP,#4169E1
3717,FDP,#4169E1
3719,glp,#32CD32
3720,SVP,#006400
3721,CVP,#FFA500
3722,CVP,#FFA500
3725,CVP,#FFA500
3726,CVP,#FFA500
3727,CVP,#FFA500
3728,CVP,#FFA500
3729,CVP,#FFA500
3730,FDP,#4169E1
3731,SP,#FF0000
3732,SVP,#006400
3733,SVP,#006400
3746,Grüne,#008000
3749,Grüne,#008000
3750,Grüne,#008000
3751,CVP,#FFA500
3752,CVP,#FFA500
3756,Grüne,#008000
3757,Grüne,#008000
3758,Grüne,#008000
3760,BDP,#800020
3761,BDP,#800020
3762,glp,#32CD32
3763,SVP,#006400
3764,BDP,#800020
3767,BDP,#800020
3768,Grüne,#008000
3769,BDP,#800020
3770,BDP,#800020
3771,CVP,#FFA500
3772,Grüne,#008000
3773,FDP,#4169E1
3774,FDP,#4169E1
3776,FDP,#4169E1
3777,FDP,#4169E1
3778,CVP,#FFA500
3779,CVP,#FFA500
3780,CVP,#FFA500
3781,CVP,#FFA500
3782,CVP,#FFA500
3783,CVP,#FFA500
3784,SP,#FF0000
3785,SP,#FF0000
3786,SP,#FF0000
3787,SP,#FF0000
3788,SP,#FF0000
3789,SP,#FF0000
3790,SP,#FF0000
3791,SP,#FF0000
3792,Grüne,#008000
3794,SVP,#006400
3796,FDP,#4169E1
3797,Grüne,#008000
3798,FDP,#4169E1
3799,glp,#32CD32
3801,CVP,#FFA500
3802,CVP,#FFA500
3804,SP,#FF0000
3805,CVP,#FFA500
3807,SVP,#006400
3809,glp,#32CD32
3810,FDP,#4169E1
3814,SVP,#006400
3816,SVP,#006400
3817,SVP,#006400
3823,FDP,#4169E1
3824,FDP,#4169E1
3826,glp,#32CD32
3834,FDP,#4169E1
3837,CVP,#FFA500
3838,CVP,#FFA500
3840,SVP,#006400
3847,Grüne,#008000
3849,BDP,#800020
3850,BDP,#800020
3851,glp,#32CD32
3852,Grüne,#008000
3853,SVP,#006400
3854,glp,#32CD32
3855,glp,#32CD32
3857,glp,#32CD32
3858,CVP,#FFA500
3859,CVP,#FFA500
3860,SVP,#006400
3861,FDP,#4169E1
3862,FDP,#4169E1
3863,FDP,#4169E1
3864,Grüne,#008000
3865,CVP,#FFA500
3866,CVP,#FFA500
3867,CVP,#FFA500
3870,CVP,#FFA500
3871,CVP,#FFA500
3872,SP,#FF0000
3873,SP,#FF0000
3874,SP,#FF0000
3875,SP,#FF0000
3876,SP,#FF0000
3877,Grüne,#008000
3878,SVP,#006400
3882,SVP,#006400
3884,glp,#32CD32
3886,SVP,#006400
3887,CVP,#FFA500
3889,CVP,#FFA500
3890,Grüne,#008000
3891,SP,#FF0000
3894,CVP,#FFA500
3895,SP,#FF0000
3896,CVP,#FFA500
3897,FDP,#4169E1
3898,FDP,#4169E1
3899,SVP,#006400
3905,SVP,#006400
3906,SVP,#006400
3907,SVP,#006400
3908,SVP,#006400
3917,FDP,#4169E1
3920,glp,#32CD32
3923,Grüne,#008000
3924,SVP,#006400
3925,SVP,#006400
3926,BDP,#800020
3928,Grüne,#008000
3929,FDP,#4169E1
3930,Grüne,#008000
3932,BDP,#800020
3933,BDP,#800020
3934,BDP,#800020
3935,BDP,#800020
3936,Grüne,#008000
3937,Grüne,#008000
3940,glp,#32CD32
3941,CVP,#FFA500
3942,CVP,#FFA500
3944,Grüne,#008000
3945,FDP,#4169E1
3946,FDP,#4169E1
3947,FDP,#4169E1
3949,Grüne,#008000
3950,CVP,#FFA500
3951,CVP,#FFA500
3952,CVP,#FFA500
3953,CVP,#FFA500
3954,CVP,#FFA500
3956,CVP,#FFA500
3957,SP,#FF0000
3958,SP,#FF0000
3959,SP,#FF0000
3960,SP,#FF0000
3962,SVP,#006400
3967,SVP,#006400
3968,glp,#32CD32
3969,glp,#32CD32
3970,glp,#32CD32
3971,glp,#32CD32
3972,CVP,#FFA500
3973,CVP,#FFA500
3974,Grüne,#008000
3975,SP,#FF0000
3976,FDP,#4169E1
3978,SP,#FF0000
3980,SP,#FF0000
3981,SP,#FF0000
3986,SVP,#006400
3992,SVP,#006400
3994,glp,#32CD32
3995,glp,#32CD32
3998,SP,#FF0000
4001,Grüne,#008000
4003,BDP,#800020
4004,BDP,#800020
4005,SVP,#006400
4009,SP,#FF0000
4010,SP,#FF0000
4011,CVP,#FFA500
4013,BDP,#800020
4014,Grüne,#008000
4015,SVP,#006400
4017,Grüne,#008000
4018,Grüne,#008000
4019,glp,#32CD32
4020,glp,#32CD32
4021,Grüne,#008000
4022,BDP,#800020
4023,BDP,#800020
4024,Grüne,#008000
4027,Grüne,#008000
4028,CVP,#FFA500
4029,Grüne,#008000
4030,CVP,#FFA500
4031,FDP,#4169E1
4033,CVP,#FFA500
4034,BDP,#800020
4035,SP,#FF0000
4036,SP,#FF0000
4037,SP,#FF0000
4038,SP,#FF0000
4039,SP,#FF0000
4040,SP,#FF0000
4042,FDP,#4169E1
4044,SVP,#006400
4045,glp,#32CD32
4048,SVP,#006400
4049,SVP,#006400
4050,CVP,#FFA500
4051,CVP,#FFA500
4053,SVP,#006400
4054,FDP,#4169E1
4055,CVP,#FFA500
4056,SP,#FF0000
4057,SP,#FF0000
4059,CVP,#FFA500
4061,FDP,#4169E1
4066,SP,#FF0000
4067,SVP,#006400
4068,FDP,#4169E1
4069,FDP,#4169E1
4070,glp,#32CD32
4071,FDP,#4169E1
4075,Grüne,#008000
4076,FDP,#4169E1
4079,SP,#FF0000
4080,SP,#FF0000
4081,SVP,#006400
4087,Grüne,#008000
4091,glp,#32CD32
4093,Grüne,#008000
4094,SVP,#006400
4096,Grüne,#008000
4098,CVP,#FFA500
4099,CVP,#FFA500
4101,CVP,#FFA500
4103,BDP,#800020
4105,SP,#FF0000
4106,SP,#FF0000
4107,SP,#FF0000
4108,SP,#FF0000
4109,SP,#FF0000
4116,SVP,#006400
4117,SVP,#006400
4118,SVP,#006400
4119,glp,#32CD32
4120,CVP,#FFA500
4121,CVP,#FFA500
4122,SP,#FF0000
4123,SVP,#006400
4124,FDP,#4169E1
4125,FDP,#4169E1
4126,SVP,#006400
4130,SP,#FF0000
4133,SVP,#006400
4137,SVP,#006400
4142,glp,#32CD32
4145,BDP,#800020
4146,BDP,#800020
4147,BDP,#800020
4148,SVP,#006400
4151,Grüne,#008000
4152,SVP,#006400
4153,SVP,#006400
4162,glp,#32CD32
4163,SVP,#006400
4165,Grüne,#008000
4167,FDP,#4169E1
4168,Grüne,#008000
4169,CVP,#FFA500
4170,CVP,#FFA500
4172,BDP,#800020
4173,SP,#FF0000
4174,SP,#FF0000
4177,FDP,#4169E1
4178,glp,#32CD32
4179,SVP,#006400
4180,glp,#32CD32
4181,glp,#32CD32
4182,SP,#FF0000
4183,CVP,#FFA500
4186,CVP,#FFA500
4189,SVP,#006400
4195,SP,#FF0000
4199,SVP,#006400
4202,SVP,#006400
4204,SVP,#006400
4205,SVP,#006400
4207,SVP,#006400
4208,SVP,#006400
4211,SP,#FF0000
4212,SP,#FF0000
4214,SVP,#006400
4216,Grüne,#008000
4217,BDP,#800020
4219,SVP,#006400
4220,SVP,#006400
4221,Grüne,#008000
4222,SVP,#006400
4223,Grüne,#008000
4224,FDP,#4169E1
4225,FDP,#4169E1
4226,Grüne,#008000
4227,Grüne,#008000
4228,CVP,#FFA500
4230,CVP,#FFA500
4232,CVP,#FFA500
4233,CVP,#FFA500
4235,SP,#FF0000
4236,SP,#FF0000
4237,SP,#FF0000
4238,Grüne,#008000
4239,glp,#32CD32
4240,glp,#32CD32
4241,Grüne,#008000
4242,FDP,#4169E1
4245,CVP,#FFA500
4246,SP,#FF0000
4247,SP,#FF0000
4250,SP,#FF0000
4251,CVP,#FFA500
4252,FDP,#4169E1
4253,SP,#FF0000
4261,Grüne,#008000
4266,SP,#FF0000
4267,SP,#FF0000
4268,SVP,#006400
4270,Grüne,#008000
4271,Grüne,#008000
4272,Grüne,#008000
4273,glp,#32CD32
4275,BDP,#800020
4279,Grüne,#008000
4280,SP,#FF0000
4281,SP,#FF0000
4285,glp,#32CD32
4286,glp,#32CD32
4287,glp,#32CD32
4289,SP,#FF0000
4290,CVP,#FFA500
4292,SP,#FF0000
4294,SVP,#006400
4297,SP,#FF0000
4310,SP,#FF0000
4311,SP,#FF0000
4312,SP,#FF0000
4313,SP,#FF0000
4320,BDP,#800020
4322,Grüne,#008000
4323,Grüne,#008000
4324,Grüne,#008000
4326,CVP,#FFA500
4329,Grüne,#008000
4330,Grüne,#008000
4332,SVP,#006400
4333,glp,#32CD32
4335,glp,#32CD32
4336,CVP,#FFA500
4338,SP,#FF0000
4343,SP,#FF0000
4344,SVP,#006400
4345,SVP,#006400
4347,SP,#FF0000
4357,CVP,#FFA500
4360,Grüne,#008000
4361,glp,#32CD32
4362,Grüne,#008000
4365,SVP,#006400
4370,SP,#FF0000
4371,Grüne,#008000
4375,FDP,#4169E1
4377,glp,#32CD32
4379,Grüne,#008000
4380,CVP,#FFA500
4381,SP,#FF0000
4382,SP,#FF0000
4386,SVP,#006400
4389,SP,#FF0000
4403,Grüne,#008000
4405,FDP,#4169E1
4406,FDP,#4169E1
4408,Grüne,#008000
4410,CVP,#FFA500
4414,glp,#32CD32
4415,CVP,#FFA500
4416,CVP,#FFA500
4417,SP,#FF0000
4418,SP,#FF0000
4422,SVP,#006400
4427,SVP,#006400
4429,Grüne,#008000
4434,SP,#FF0000
4435,SP,#FF0000
4437,SVP,#006400
4440,Grüne,#008000
4443,glp,#32CD32
4445,glp,#32CD32
4449,SVP,#006400
4450,SVP,#006400
4454,SP,#FF0000
4456,CVP,#FFA500
4463,SVP,#006400
4465,SP,#FF0000
4467,Grüne,#008000
4471,SVP,#006400
4474,glp,#32CD32
4476,glp,#32CD32
4477,Grüne,#008000
4478,FDP,#4169E1
4479,CVP,#FFA500
4480,SP,#FF0000
4482,SP,#FF0000
4483,SP,#FF0000
4489,FDP,#4169E1
4491,SP,#FF0000
4494,SP,#FF0000
4495,SP,#FF0000
4503,Grüne,#008000
4508,glp,#32CD32
4509,CVP,#FFA500
4510,SP,#FF0000
4511,SP,#FF0000
4513,SVP,#006400
4516,SP,#FF0000
4534,SVP,#006400
4536,CVP,#FFA500
4537,CVP,#FFA500
4539,glp,#32CD32
4540,SP,#FF0000
4541,SVP,#006400
4547,SP,#FF0000
4548,SP,#FF0000
4551,CVP,#FFA500
4553,BDP,#800020
4562,SVP,#006400
4566,Grüne,#008000
4568,CVP,#FFA500
4574,CVP,#FFA500
4579,Grüne,#008000
4580,Grüne,#008000
4582,CVP,#FFA500
4583,SP,#FF0000
4584,SP,#FF0000
4593,SVP,#006400
4594,SVP,#006400
4595,SVP,#006400
4603,Grüne,#008000
4618,SVP,#006400
4643,Grüne,#008000
4644,Grüne,#008000
4645,SP,#FF0000
4646,SP,#FF0000
4648,CVP,#FFA500
4659,CVP,#FFA500
4660,CVP,#FFA500
