id,party,color
0,group-0,#1f77b4
1,group-1,#ff7f0e
2,group-1,#ff7f0e
4,group-1,#ff7f0e
5,group-1,#ff7f0e
7,group-1,#ff7f0e
9,group-1,#ff7f0e
10,group-1,#ff7f0e
11,group-1,#ff7f0e
14,group-1,#ff7f0e
17,group-1,#ff7f0e
19,group-1,#ff7f0e
20,group-1,#ff7f0e
24,group-1,#ff7f0e
26,group-1,#ff7f0e
28,group-1,#ff7f0e
29,group-1,#ff7f0e
30,ungrouped,#999999
31,ungrouped,#999999
33,group-0,#1f77b4
35,group-1,#ff7f0e
37,group-1,#ff7f0e
39,group-0,#1f77b4
40,group-1,#ff7f0e
41,group-1,#ff7f0e
45,ungrouped,#999999
46,group-1,#ff7f0e
47,group-0,#1f77b4
49,group-1,#ff7f0e
54,group-0,#1f77b4
56,group-1,#ff7f0e
59,group-1,#ff7f0e
60,group-1,#ff7f0e
64,group-0,#1f77b4
65,group-1,#ff7f0e
69,group-1,#ff7f0e
70,group-0,#1f77b4
71,group-0,#1f77b4
73,group-0,#1f77b4
74,group-0,#1f77b4
75,group-0,#1f77b4
76,group-0,#1f77b4
77,group-0,#1f77b4
81,group-0,#1f77b4
82,group-0,#1f77b4
83,group-0,#1f77b4
85,group-0,#1f77b4
86,group-0,#1f77b4
87,group-0,#1f77b4
88,group-0,#1f77b4
96,group-0,#1f77b4
97,group-0,#1f77b4
98,group-0,#1f77b4
103,group-1,#ff7f0e
106,group-1,#ff7f0e
107,group-0,#1f77b4
116,group-0,#1f77b4
122,group-0,#1f77b4
127,group-0,#1f77b4
130,group-0,#1f77b4
134,group-0,#1f77b4
135,group-0,#1f77b4
136,group-0,#1f77b4
137,group-0,#1f77b4
138,group-0,#1f77b4
143,group-0,#1f77b4
144,group-1,#ff7f0e
152,group-0,#1f77b4
158,group-0,#1f77b4
168,group-1,#ff7f0e
169,group-0,#1f77b4
172,group-1,#ff7f0e
175,group-1,#ff7f0e
176,group-1,#ff7f0e
180,group-0,#1f77b4
182,group-0,#1f77b4
184,group-1,#ff7f0e
186,group-0,#1f77b4
194,group-0,#1f77b4
195,group-1,#ff7f0e
197,group-1,#ff7f0e
198,group-1,#ff7f0e
202,group-0,#1f77b4
203,group-1,#ff7f0e
205,group-1,#ff7f0e
211,group-1,#ff7f0e
218,group-0,#1f77b4
220,group-0,#1f77b4
223,group-0,#1f77b4
227,group-0,#1f77b4
231,group-1,#ff7f0e
234,group-0,#1f77b4
235,group-1,#ff7f0e
236,group-1,#ff7f0e
240,group-1,#ff7f0e
243,group-1,#ff7f0e
244,group-1,#ff7f0e
246,group-1,#ff7f0e
251,group-1,#ff7f0e
258,group-0,#1f77b4
259,group-1,#ff7f0e
261,group-0,#1f77b4
262,group-1,#ff7f0e
263,group-1,#ff7f0e
265,group-0,#1f77b4
266,group-1,#ff7f0e
268,group-1,#ff7f0e
269,group-0,#1f77b4
280,group-1,#ff7f0e
282,group-1,#ff7f0e
285,group-0,#1f77b4
287,group-0,#1f77b4
289,group-1,#ff7f0e
294,group-1,#ff7f0e
298,group-0,#1f77b4
299,group-1,#ff7f0e
300,group-0,#1f77b4
305,group-1,#ff7f0e
307,group-0,#1f77b4
309,group-1,#ff7f0e
312,group-1,#ff7f0e
317,group-1,#ff7f0e
321,group-0,#1f77b4
330,group-0,#1f77b4
335,ungrouped,#999999
339,group-1,#ff7f0e
342,group-0,#1f77b4
347,group-1,#ff7f0e
357,group-0,#1f77b4
360,group-0,#1f77b4
365,group-1,#ff7f0e
366,group-1,#ff7f0e
373,group-1,#ff7f0e
388,group-1,#ff7f0e
390,group-0,#1f77b4
392,group-1,#ff7f0e
394,group-1,#ff7f0e
399,group-1,#ff7f0e
402,group-0,#1f77b4
403,group-1,#ff7f0e
404,group-1,#ff7f0e
405,group-1,#ff7f0e
407,group-1,#ff7f0e
409,group-0,#1f77b4
410,group-0,#1f77b4
412,group-0,#1f77b4
422,group-0,#1f77b4
423,group-0,#1f77b4
425,group-0,#1f77b4
427,group-0,#1f77b4
429,group-0,#1f77b4
431,group-0,#1f77b4
439,group-0,#1f77b4
440,group-0,#1f77b4
444,group-0,#1f77b4
445,group-0,#1f77b4
446,group-0,#1f77b4
447,group-0,#1f77b4
448,group-0,#1f77b4
449,group-0,#1f77b4
450,group-0,#1f77b4
452,group-0,#1f77b4
455,group-1,#ff7f0e
456,group-0,#1f77b4
459,group-0,#1f77b4
460,group-0,#1f77b4
461,group-0,#1f77b4
463,group-0,#1f77b4
464,group-0,#1f77b4
465,group-1,#ff7f0e
466,group-1,#ff7f0e
467,group-0,#1f77b4
468,group-0,#1f77b4
469,group-0,#1f77b4
471,group-0,#1f77b4
476,group-0,#1f77b4
478,group-1,#ff7f0e
480,group-0,#1f77b4
483,group-1,#ff7f0e
485,group-0,#1f77b4
486,group-0,#1f77b4
492,group-0,#1f77b4
496,group-0,#1f77b4
497,group-0,#1f77b4
498,group-1,#ff7f0e
499,group-1,#ff7f0e
502,group-1,#ff7f0e
506,group-1,#ff7f0e
507,group-1,#ff7f0e
508,group-1,#ff7f0e
509,group-1,#ff7f0e
510,group-0,#1f77b4
513,group-1,#ff7f0e
514,group-1,#ff7f0e
517,group-1,#ff7f0e
518,group-0,#1f77b4
521,group-1,#ff7f0e
524,group-1,#ff7f0e
527,group-1,#ff7f0e
528,group-1,#ff7f0e
529,group-1,#ff7f0e
530,group-1,#ff7f0e
532,group-1,#ff7f0e
533,group-1,#ff7f0e
534,group-0,#1f77b4
535,group-0,#1f77b4
536,group-1,#ff7f0e
538,group-1,#ff7f0e
541,group-0,#1f77b4
544,group-1,#ff7f0e
547,group-1,#ff7f0e
549,ungrouped,#999999
550,group-1,#ff7f0e
553,group-1,#ff7f0e
554,group-1,#ff7f0e
555,group-1,#ff7f0e
556,group-1,#ff7f0e
557,group-1,#ff7f0e
558,group-1,#ff7f0e
563,group-1,#ff7f0e
564,group-0,#1f77b4
565,group-0,#1f77b4
566,group-0,#1f77b4
568,group-0,#1f77b4
569,group-0,#1f77b4
572,group-1,#ff7f0e
573,group-1,#ff7f0e
575,group-1,#ff7f0e
586,group-1,#ff7f0e
587,group-0,#1f77b4
588,group-0,#1f77b4
589,group-0,#1f77b4
590,group-0,#1f77b4
593,group-1,#ff7f0e
594,group-1,#ff7f0e
595,group-0,#1f77b4
596,group-0,#1f77b4
603,group-0,#1f77b4
605,group-0,#1f77b4
606,group-0,#1f77b4
607,group-1,#ff7f0e
609,group-1,#ff7f0e
610,group-1,#ff7f0e
611,group-0,#1f77b4
614,group-0,#1f77b4
616,group-1,#ff7f0e
618,group-0,#1f77b4
623,group-1,#ff7f0e
625,group-0,#1f77b4
635,group-1,#ff7f0e
640,group-1,#ff7f0e
642,group-0,#1f77b4
643,group-0,#1f77b4
649,group-1,#ff7f0e
652,group-1,#ff7f0e
655,group-1,#ff7f0e
669,group-1,#ff7f0e
674,group-1,#ff7f0e
678,group-1,#ff7f0e
680,group-1,#ff7f0e
681,group-0,#1f77b4
682,group-1,#ff7f0e
685,group-1,#ff7f0e
687,group-1,#ff7f0e
702,group-1,#ff7f0e
706,group-0,#1f77b4
710,group-1,#ff7f0e
711,group-0,#1f77b4
712,group-0,#1f77b4
720,group-0,#1f77b4
729,group-0,#1f77b4
731,group-0,#1f77b4
737,group-0,#1f77b4
742,group-0,#1f77b4
743,group-1,#ff7f0e
746,group-0,#1f77b4
747,group-1,#ff7f0e
758,group-1,#ff7f0e
760,group-0,#1f77b4
761,group-0,#1f77b4
765,group-0,#1f77b4
773,group-1,#ff7f0e
778,group-0,#1f77b4
781,group-1,#ff7f0e
786,group-1,#ff7f0e
789,group-0,#1f77b4
792,group-1,#ff7f0e
794,group-1,#ff7f0e
795,group-1,#ff7f0e
799,group-0,#1f77b4
802,group-1,#ff7f0e
803,group-1,#ff7f0e
804,group-0,#1f77b4
808,group-0,#1f77b4
814,group-1,#ff7f0e
817,group-0,#1f77b4
824,group-1,#ff7f0e
827,group-0,#1f77b4
831,group-1,#ff7f0e
838,ungrouped,#999999
841,group-1,#ff7f0e
848,group-1,#ff7f0e
852,group-1,#ff7f0e
857,group-0,#1f77b4
860,group-1,#ff7f0e
862,group-1,#ff7f0e
864,group-1,#ff7f0e
869,group-1,#ff7f0e
875,group-1,#ff7f0e
880,group-0,#1f77b4
881,group-0,#1f77b4
900,group-1,#ff7f0e
901,group-1,#ff7f0e
903,group-1,#ff7f0e
910,group-1,#ff7f0e
923,group-1,#ff7f0e
927,group-1,#ff7f0e
929,group-1,#ff7f0e
930,group-1,#ff7f0e
931,group-1,#ff7f0e
932,group-1,#ff7f0e
934,group-0,#1f77b4
936,group-1,#ff7f0e
940,group-1,#ff7f0e
941,group-1,#ff7f0e
942,group-1,#ff7f0e
943,group-0,#1f77b4
948,group-0,#1f77b4
951,group-1,#ff7f0e
961,group-1,#ff7f0e
971,group-1,#ff7f0e
973,group-1,#ff7f0e
976,group-1,#ff7f0e
983,group-0,#1f77b4
990,group-0,#1f77b4
991,group-0,#1f77b4
995,group-1,#ff7f0e
1006,group-1,#ff7f0e
1009,group-1,#ff7f0e
1012,group-0,#1f77b4
1013,group-0,#1f77b4
1015,group-0,#1f77b4
1019,group-0,#1f77b4
1020,group-0,#1f77b4
1022,group-0,#1f77b4
1031,group-1,#ff7f0e
1032,group-1,#ff7f0e
1038,group-1,#ff7f0e
1039,group-0,#1f77b4
1042,group-1,#ff7f0e
1052,group-0,#1f77b4
1055,group-0,#1f77b4
1056,group-1,#ff7f0e
1059,group-1,#ff7f0e
1061,group-1,#ff7f0e
1071,group-1,#ff7f0e
1081,group-1,#ff7f0e
1082,group-0,#1f77b4
1084,group-1,#ff7f0e
1089,group-1,#ff7f0e
1090,group-1,#ff7f0e
1091,group-0,#1f77b4
1092,group-0,#1f77b4
1094,group-0,#1f77b4
1097,group-0,#1f77b4
1105,group-0,#1f77b4
1112,group-1,#ff7f0e
1113,group-1,#ff7f0e
1117,group-0,#1f77b4
1127,group-0,#1f77b4
1128,group-0,#1f77b4
1131,group-1,#ff7f0e
1133,group-1,#ff7f0e
1136,group-1,#ff7f0e
1146,group-1,#ff7f0e
1147,group-1,#ff7f0e
1151,group-1,#ff7f0e
1155,group-1,#ff7f0e
1156,group-1,#ff7f0e
1158,group-1,#ff7f0e
1159,group-0,#1f77b4
1163,group-1,#ff7f0e
1167,group-1,#ff7f0e
1169,group-1,#ff7f0e
1175,group-1,#ff7f0e
1176,group-0,#1f77b4
1179,group-1,#ff7f0e
1180,group-1,#ff7f0e
1187,group-1,#ff7f0e
1192,group-0,#1f77b4
1193,group-1,#ff7f0e
1194,group-0,#1f77b4
1195,group-0,#1f77b4
1201,group-1,#ff7f0e
1203,group-0,#1f77b4
1205,group-1,#ff7f0e
1208,group-0,#1f77b4
1211,group-0,#1f77b4
1212,group-0,#1f77b4
1216,group-1,#ff7f0e
1218,group-0,#1f77b4
1223,group-0,#1f77b4
1227,group-0,#1f77b4
1234,group-0,#1f77b4
1238,group-1,#ff7f0e
1247,group-1,#ff7f0e
1249,group-0,#1f77b4
1253,group-1,#ff7f0e
1257,group-1,#ff7f0e
1258,group-1,#ff7f0e
1259,group-1,#ff7f0e
1260,group-1,#ff7f0e
1263,group-1,#ff7f0e
1268,group-1,#ff7f0e
1270,group-0,#1f77b4
1273,group-1,#ff7f0e
1274,group-1,#ff7f0e
1281,group-1,#ff7f0e
1282,group-0,#1f77b4
1290,group-1,#ff7f0e
1299,group-1,#ff7f0e
1300,group-0,#1f77b4
1301,group-1,#ff7f0e
1303,group-1,#ff7f0e
1306,group-1,#ff7f0e
1312,group-0,#1f77b4
1314,group-0,#1f77b4
1315,group-0,#1f77b4
1324,group-0,#1f77b4
1326,group-1,#ff7f0e
1335,group-1,#ff7f0e
1338,group-1,#ff7f0e
1344,group-1,#ff7f0e
1347,group-1,#ff7f0e
1356,group-1,#ff7f0e
1367,group-1,#ff7f0e
1368,group-1,#ff7f0e
1369,group-1,#ff7f0e
1395,group-1,#ff7f0e
1398,group-1,#ff7f0e
1403,group-1,#ff7f0e
1416,group-1,#ff7f0e
1425,group-1,#ff7f0e
1431,group-1,#ff7f0e
1445,group-1,#ff7f0e
1447,group-1,#ff7f0e
1461,group-1,#ff7f0e
1464,group-1,#ff7f0e
1466,group-1,#ff7f0e
1471,group-1,#ff7f0e
1478,group-0,#1f77b4
1486,group-1,#ff7f0e
1496,group-1,#ff7f0e
1500,group-1,#ff7f0e
1504,group-1,#ff7f0e
1508,group-1,#ff7f0e
1509,group-1,#ff7f0e
1511,group-1,#ff7f0e
1517,group-1,#ff7f0e
1522,group-1,#ff7f0e
1526,group-1,#ff7f0e
1533,group-1,#ff7f0e
1537,group-1,#ff7f0e
1566,ungrouped,#999999
1570,group-1,#ff7f0e
1578,group-1,#ff7f0e
1581,group-1,#ff7f0e
1591,group-1,#ff7f0e
1598,group-1,#ff7f0e
1608,group-1,#ff7f0e
1610,group-1,#ff7f0e
1628,group-1,#ff7f0e
1644,group-1,#ff7f0e
1650,group-1,#ff7f0e
1655,group-1,#ff7f0e
1671,group-1,#ff7f0e
1674,group-1,#ff7f0e
1685,group-1,#ff7f0e
1688,group-1,#ff7f0e
1714,group-1,#ff7f0e
1719,group-1,#ff7f0e
1720,group-1,#ff7f0e
1730,group-1,#ff7f0e
1743,group-1,#ff7f0e
1750,group-0,#1f77b4
1755,group-1,#ff7f0e
1758,group-1,#ff7f0e
1762,group-1,#ff7f0e
1764,group-1,#ff7f0e
1773,group-1,#ff7f0e
1775,group-1,#ff7f0e
1791,group-1,#ff7f0e
1798,group-1,#ff7f0e
1799,group-1,#ff7f0e
1801,group-1,#ff7f0e
1812,group-1,#ff7f0e
1816,group-1,#ff7f0e
1829,group-1,#ff7f0e
1831,group-1,#ff7f0e
1839,group-1,#ff7f0e
1842,group-1,#ff7f0e
1844,group-1,#ff7f0e
1847,group-1,#ff7f0e
1858,group-1,#ff7f0e
1860,group-1,#ff7f0e
1869,group-1,#ff7f0e
1882,group-1,#ff7f0e
1883,group-1,#ff7f0e
1887,group-0,#1f77b4
1912,group-1,#ff7f0e
1914,group-1,#ff7f0e
1927,group-1,#ff7f0e
1938,group-1,#ff7f0e
1945,group-1,#ff7f0e
1948,group-1,#ff7f0e
1955,group-1,#ff7f0e
1961,group-1,#ff7f0e
1962,group-1,#ff7f0e
1966,group-0,#1f77b4
1968,group-1,#ff7f0e
1980,group-1,#ff7f0e
1990,group-1,#ff7f0e
2008,group-1,#ff7f0e
2013,group-1,#ff7f0e
2016,group-1,#ff7f0e
2022,group-1,#ff7f0e
2027,group-1,#ff7f0e
2035,group-1,#ff7f0e
2039,group-1,#ff7f0e
2049,group-1,#ff7f0e
2057,group-1,#ff7f0e
2062,group-1,#ff7f0e
2063,group-1,#ff7f0e
2070,group-1,#ff7f0e
2072,group-1,#ff7f0e
2078,group-1,#ff7f0e
2082,group-1,#ff7f0e
2090,group-1,#ff7f0e
2092,group-1,#ff7f0e
2096,group-1,#ff7f0e
2098,group-1,#ff7f0e
2099,group-1,#ff7f0e
2115,group-1,#ff7f0e
2132,group-1,#ff7f0e
2133,group-1,#ff7f0e
2136,group-1,#ff7f0e
2138,group-1,#ff7f0e
2140,group-1,#ff7f0e
2144,group-1,#ff7f0e
2159,group-1,#ff7f0e
2163,group-1,#ff7f0e
2169,group-1,#ff7f0e
2181,group-1,#ff7f0e
2190,group-1,#ff7f0e
2202,group-1,#ff7f0e
2207,group-1,#ff7f0e
2218,group-1,#ff7f0e
2222,group-1,#ff7f0e
2228,group-1,#ff7f0e
2239,group-1,#ff7f0e
2253,group-1,#ff7f0e
2284,group-1,#ff7f0e
2285,group-1,#ff7f0e
2298,group-1,#ff7f0e
2317,group-1,#ff7f0e
2320,group-1,#ff7f0e
2326,group-1,#ff7f0e
2331,group-1,#ff7f0e
2354,group-1,#ff7f0e
2365,group-1,#ff7f0e
2376,group-1,#ff7f0e
2385,group-1,#ff7f0e
2386,group-1,#ff7f0e
2389,group-1,#ff7f0e
2401,group-1,#ff7f0e
2409,group-1,#ff7f0e
2417,group-1,#ff7f0e
2425,group-1,#ff7f0e
2435,group-1,#ff7f0e
2436,group-1,#ff7f0e
2461,group-1,#ff7f0e
2465,group-0,#1f77b4
2476,group-0,#1f77b4
2477,group-0,#1f77b4
2500,group-1,#ff7f0e
2503,group-1,#ff7f0e
2507,group-1,#ff7f0e
2510,group-0,#1f77b4
2514,group-1,#ff7f0e
2567,group-1,#ff7f0e
2577,group-0,#1f77b4
2579,group-1,#ff7f0e
2582,group-1,#ff7f0e
2607,group-0,#1f77b4
2620,group-1,#ff7f0e
2625,group-1,#ff7f0e
2634,group-1,#ff7f0e
2639,group-0,#1f77b4
2640,group-1,#ff7f0e
2650,group-1,#ff7f0e
2654,group-1,#ff7f0e
2663,group-1,#ff7f0e
2668,group-1,#ff7f0e
2694,group-0,#1f77b4
2701,group-1,#ff7f0e
2708,group-1,#ff7f0e
2733,group-1,#ff7f0e
2738,group-1,#ff7f0e
2745,group-1,#ff7f0e
2759,group-1,#ff7f0e
2770,group-1,#ff7f0e
2790,group-1,#ff7f0e
2810,group-1,#ff7f0e
2813,group-1,#ff7f0e
2820,group-1,#ff7f0e
2831,group-1,#ff7f0e
2834,group-1,#ff7f0e
2862,group-1,#ff7f0e
2868,group-1,#ff7f0e
2877,group-1,#ff7f0e
2951,group-1,#ff7f0e
2965,group-1,#ff7f0e
2996,group-1,#ff7f0e
3038,group-1,#ff7f0e
3044,group-1,#ff7f0e
3045,group-1,#ff7f0e
3048,group-1,#ff7f0e
3052,group-1,#ff7f0e
3057,group-1,#ff7f0e
3066,group-1,#ff7f0e
3081,group-1,#ff7f0e
3082,group-1,#ff7f0e
3084,ungrouped,#999999
3104,group-1,#ff7f0e
3113,group-1,#ff7f0e
3117,group-1,#ff7f0e
3120,group-1,#ff7f0e
3141,group-1,#ff7f0e
3184,group-1,#ff7f0e
3194,group-1,#ff7f0e
3196,group-1,#ff7f0e
3236,group-0,#1f77b4
3258,group-1,#ff7f0e
3261,group-1,#ff7f0e
3273,group-1,#ff7f0e
3310,group-1,#ff7f0e
3328,group-1,#ff7f0e
3354,group-1,#ff7f0e
3355,group-1,#ff7f0e
3359,group-1,#ff7f0e
3369,group-0,#1f77b4
3373,group-1,#ff7f0e
3377,group-0,#1f77b4
3415,group-0,#1f77b4
3428,group-0,#1f77b4
3447,group-1,#ff7f0e
3470,ungrouped,#999999
3481,group-1,#ff7f0e
3519,group-1,#ff7f0e
3526,group-1,#ff7f0e
3535,group-1,#ff7f0e
3536,group-1,#ff7f0e
3547,group-1,#ff7f0e
3566,group-0,#1f77b4
3581,group-0,#1f77b4
3604,group-0,#1f77b4
3609,group-0,#1f77b4
3636,group-0,#1f77b4
3669,group-0,#1f77b4
3671,group-1,#ff7f0e
3675,group-0,#1f77b4
3687,group-1,#ff7f0e
3691,group-1,#ff7f0e
3695,group-0,#1f77b4
3714,group-1,#ff7f0e
3726,group-0,#1f77b4
3738,group-0,#1f77b4
3744,group-0,#1f77b4
3749,group-0,#1f77b4
3760,group-1,#ff7f0e
3772,group-1,#ff7f0e
3776,group-0,#1f77b4
3782,group-0,#1f77b4
3784,group-1,#ff7f0e
3805,group-0,#1f77b4
3827,group-1,#ff7f0e
3830,group-1,#ff7f0e
3832,group-0,#1f77b4
3839,ungrouped,#999999
3853,group-0,#1f77b4
3865,group-0,#1f77b4
3877,group-0,#1f77b4
3886,group-1,#ff7f0e
3897,ungrouped,#999999
3931,group-0,#1f77b4
3937,group-0,#1f77b4
3946,group-0,#1f77b4
3949,group-1,#ff7f0e
3997,group-1,#ff7f0e
4050,group-1,#ff7f0e
4056,group-1,#ff7f0e
4075,group-1,#ff7f0e
4076,group-1,#ff7f0e
4114,group-0,#1f77b4
4115,group-1,#ff7f0e
4118,group-1,#ff7f0e
4134,group-0,#1f77b4
4144,group-1,#ff7f0e
4149,group-1,#ff7f0e
4171,group-1,#ff7f0e
4177,group-0,#1f77b4
4189,group-1,#ff7f0e
4200,ungrouped,#999999
4206,group-1,#ff7f0e
4207,group-1,#ff7f0e
4214,group-1,#ff7f0e
4227,ungrouped,#999999
4232,group-1,#ff7f0e
4279,group-0,#1f77b4
4299,group-0,#1f77b4
4318,group-1,#ff7f0e
4327,group-1,#ff7f0e
4338,group-0,#1f77b4
4341,group-0,#1f77b4
4352,group-1,#ff7f0e
4360,group-0,#1f77b4
4382,group-1,#ff7f0e
4389,group-0,#1f77b4
4396,group-0,#1f77b4
4400,group-0,#1f77b4
4405,group-1,#ff7f0e
4412,group-0,#1f77b4
4413,group-1,#ff7f0e
4421,group-0,#1f77b4
4427,group-1,#ff7f0e
4433,group-0,#1f77b4
4439,group-1,#ff7f0e
4445,group-1,#ff7f0e
4449,group-0,#1f77b4
4468,group-1,#ff7f0e
4486,ungrouped,#999999
4491,ungrouped,#999999
4502,group-0,#1f77b4
4519,group-1,#ff7f0e
4522,group-1,#ff7f0e
4533,group-1,#ff7f0e
4547,group-0,#1f77b4
4556,group-1,#ff7f0e
4558,group-0,#1f77b4
4571,group-0,#1f77b4
4574,ungrouped,#999999
4576,group-1,#ff7f0e
4592,ungrouped,#999999
4594,ungrouped,#999999
4611,group-1,#ff7f0e
4617,group-1,#ff7f0e
4627,group-1,#ff7f0e
4634,group-0,#1f77b4
4640,group-0,#1f77b4
4642,group-1,#ff7f0e
4649,ungrouped,#999999
4652,ungrouped,#999999
4657,ungrouped,#999999
4664,ungrouped,#999999
58,ungrouped,#999999
126,ungrouped,#999999
191,ungrouped,#999999
196,group-0,#1f77b4
276,group-1,#ff7f0e
457,group-0,#1f77b4
473,ungrouped,#999999
493,group-1,#ff7f0e
519,ungrouped,#999999
591,group-1,#ff7f0e
613,group-0,#1f77b4
621,group-1,#ff7f0e
661,group-1,#ff7f0e
662,ungrouped,#999999
673,ungrouped,#999999
695,group-0,#1f77b4
708,group-1,#ff7f0e
724,group-1,#ff7f0e
748,group-0,#1f77b4
762,group-1,#ff7f0e
769,group-1,#ff7f0e
811,group-1,#ff7f0e
902,group-1,#ff7f0e
950,group-1,#ff7f0e
963,group-1,#ff7f0e
1030,group-1,#ff7f0e
1076,group-1,#ff7f0e
1107,group-1,#ff7f0e
1183,group-1,#ff7f0e
1199,group-0,#1f77b4
1204,group-0,#1f77b4
1219,group-0,#1f77b4
1261,group-0,#1f77b4
1271,group-1,#ff7f0e
1304,group-1,#ff7f0e
1353,group-1,#ff7f0e
1359,group-1,#ff7f0e
1404,group-1,#ff7f0e
1476,group-1,#ff7f0e
1549,group-1,#ff7f0e
1668,group-1,#ff7f0e
1727,group-1,#ff7f0e
1749,group-1,#ff7f0e
1884,group-1,#ff7f0e
1890,group-1,#ff7f0e
1901,group-1,#ff7f0e
1937,group-1,#ff7f0e
1983,group-1,#ff7f0e
2000,group-1,#ff7f0e
2073,group-0,#1f77b4
2076,group-1,#ff7f0e
2083,group-1,#ff7f0e
2100,group-1,#ff7f0e
2122,group-1,#ff7f0e
2192,group-1,#ff7f0e
2224,group-0,#1f77b4
2360,group-1,#ff7f0e
2444,group-1,#ff7f0e
2474,group-1,#ff7f0e
2636,group-1,#ff7f0e
2728,group-1,#ff7f0e
2756,group-1,#ff7f0e
2812,group-1,#ff7f0e
2816,group-1,#ff7f0e
2917,group-1,#ff7f0e
3023,group-1,#ff7f0e
3076,group-1,#ff7f0e
3083,group-1,#ff7f0e
3090,group-1,#ff7f0e
3172,group-1,#ff7f0e
3228,group-1,#ff7f0e
3253,group-0,#1f77b4
3341,ungrouped,#999999
3382,group-1,#ff7f0e
3412,group-1,#ff7f0e
3462,group-1,#ff7f0e
3463,group-1,#ff7f0e
3577,group-1,#ff7f0e
3682,group-1,#ff7f0e
3696,group-0,#1f77b4
3728,group-1,#ff7f0e
3740,group-0,#1f77b4
3890,group-1,#ff7f0e
3908,ungrouped,#999999
3914,group-1,#ff7f0e
4081,group-1,#ff7f0e
4084,group-1,#ff7f0e
4095,group-1,#ff7f0e
4136,group-1,#ff7f0e
4140,group-0,#1f77b4
4143,group-1,#ff7f0e
4162,ungrouped,#999999
4173,ungrouped,#999999
4178,group-1,#ff7f0e
4179,group-0,#1f77b4
4182,group-0,#1f77b4
4194,group-0,#1f77b4
4201,group-1,#ff7f0e
4213,group-1,#ff7f0e
4222,group-1,#ff7f0e
4226,group-1,#ff7f0e
4233,group-1,#ff7f0e
4234,group-1,#ff7f0e
4266,group-0,#1f77b4
4274,group-1,#ff7f0e
4307,group-0,#1f77b4
4313,group-1,#ff7f0e
4331,group-1,#ff7f0e
4333,group-1,#ff7f0e
4342,group-1,#ff7f0e
4359,group-1,#ff7f0e
4371,group-0,#1f77b4
4403,group-1,#ff7f0e
4414,group-0,#1f77b4
4429,group-0,#1f77b4
4441,group-1,#ff7f0e
4448,group-1,#ff7f0e
4465,group-1,#ff7f0e
4477,group-0,#1f77b4
4490,group-0,#1f77b4
4493,group-1,#ff7f0e
4528,group-0,#1f77b4
4544,ungrouped,#999999
4548,ungrouped,#999999
4578,ungrouped,#999999
4591,ungrouped,#999999
4597,group-1,#ff7f0e
4609,group-1,#ff7f0e
4621,ungrouped,#999999
4622,group-1,#ff7f0e
4624,ungrouped,#999999
4632,group-1,#ff7f0e
4651,group-1,#ff7f0e
4655,group-1,#ff7f0e
84,group-1,#ff7f0e
141,ungrouped,#999999
212,ungrouped,#999999
224,group-0,#1f77b4
584,ungrouped,#999999
600,ungrouped,#999999
665,group-1,#ff7f0e
723,group-0,#1f77b4
736,group-1,#ff7f0e
828,group-0,#1f77b4
876,ungrouped,#999999
918,group-1,#ff7f0e
944,ungrouped,#999999
972,group-1,#ff7f0e
1062,ungrouped,#999999
1244,group-1,#ff7f0e
1256,group-0,#1f77b4
1264,ungrouped,#999999
1269,group-0,#1f77b4
1307,group-0,#1f77b4
1330,group-1,#ff7f0e
1401,group-1,#ff7f0e
1440,group-1,#ff7f0e
1498,group-1,#ff7f0e
1525,group-1,#ff7f0e
1536,ungrouped,#999999
1553,group-1,#ff7f0e
1556,group-1,#ff7f0e
1622,group-1,#ff7f0e
1653,group-1,#ff7f0e
1742,group-1,#ff7f0e
1876,ungrouped,#999999
1960,group-1,#ff7f0e
1979,group-1,#ff7f0e
2111,group-1,#ff7f0e
2235,group-1,#ff7f0e
2502,group-1,#ff7f0e
2540,ungrouped,#999999
2576,group-1,#ff7f0e
2592,group-1,#ff7f0e
2599,group-1,#ff7f0e
2702,group-1,#ff7f0e
2740,group-1,#ff7f0e
2746,group-1,#ff7f0e
3285,group-1,#ff7f0e
3290,group-1,#ff7f0e
3322,group-1,#ff7f0e
3337,group-1,#ff7f0e
3395,group-1,#ff7f0e
3437,group-1,#ff7f0e
3585,group-1,#ff7f0e
3768,group-1,#ff7f0e
3840,group-1,#ff7f0e
3883,group-1,#ff7f0e
3903,group-0,#1f77b4
4035,group-1,#ff7f0e
4059,ungrouped,#999999
4066,group-0,#1f77b4
4098,group-1,#ff7f0e
4108,group-1,#ff7f0e
4117,group-1,#ff7f0e
4156,ungrouped,#999999
4170,group-1,#ff7f0e
4181,group-1,#ff7f0e
4185,group-1,#ff7f0e
4198,group-1,#ff7f0e
4247,group-1,#ff7f0e
4252,group-1,#ff7f0e
4265,group-1,#ff7f0e
4273,ungrouped,#999999
4296,group-1,#ff7f0e
4301,group-1,#ff7f0e
4305,ungrouped,#999999
4310,group-1,#ff7f0e
4321,group-1,#ff7f0e
4334,group-1,#ff7f0e
4336,group-0,#1f77b4
4376,ungrouped,#999999
4443,group-1,#ff7f0e
4459,group-0,#1f77b4
4464,group-1,#ff7f0e
4516,group-1,#ff7f0e
4546,group-1,#ff7f0e
4553,group-0,#1f77b4
4560,ungrouped,#999999
4561,group-0,#1f77b4
4567,group-0,#1f77b4
4588,group-1,#ff7f0e
4610,group-1,#ff7f0e
4626,group-1,#ff7f0e
4654,group-1,#ff7f0e
4665,group-1,#ff7f0e
213,group-1,#ff7f0e
225,ungrouped,#999999
233,ungrouped,#999999
325,group-1,#ff7f0e
401,ungrouped,#999999
539,ungrouped,#999999
639,group-0,#1f77b4
675,ungrouped,#999999
730,group-1,#ff7f0e
819,ungrouped,#999999
835,group-0,#1f77b4
905,ungrouped,#999999
938,group-1,#ff7f0e
945,group-1,#ff7f0e
1057,group-1,#ff7f0e
1539,group-1,#ff7f0e
1641,group-1,#ff7f0e
1757,group-1,#ff7f0e
1787,group-1,#ff7f0e
1825,ungrouped,#999999
2148,group-1,#ff7f0e
2178,group-1,#ff7f0e
2291,group-1,#ff7f0e
2351,group-1,#ff7f0e
2355,group-1,#ff7f0e
2423,group-1,#ff7f0e
2504,group-1,#ff7f0e
2569,group-1,#ff7f0e
2732,group-1,#ff7f0e
2752,group-1,#ff7f0e
2769,group-1,#ff7f0e
2800,ungrouped,#999999
2891,ungrouped,#999999
2961,group-1,#ff7f0e
3028,group-1,#ff7f0e
3042,group-1,#ff7f0e
3108,group-1,#ff7f0e
3193,group-1,#ff7f0e
3248,group-1,#ff7f0e
3271,group-0,#1f77b4
3326,group-1,#ff7f0e
3348,group-1,#ff7f0e
3416,group-0,#1f77b4
3480,group-1,#ff7f0e
3542,group-1,#ff7f0e
3550,group-1,#ff7f0e
3560,ungrouped,#999999
3657,group-1,#ff7f0e
3762,ungrouped,#999999
3801,group-1,#ff7f0e
3884,group-0,#1f77b4
3922,group-0,#1f77b4
3986,group-0,#1f77b4
4047,group-1,#ff7f0e
4060,group-1,#ff7f0e
4077,group-1,#ff7f0e
4087,group-0,#1f77b4
4180,group-1,#ff7f0e
4225,group-1,#ff7f0e
4239,group-0,#1f77b4
4257,group-1,#ff7f0e
4290,group-1,#ff7f0e
4304,group-1,#ff7f0e
4355,group-1,#ff7f0e
4377,group-0,#1f77b4
4415,ungrouped,#999999
4417,ungrouped,#999999
4420,group-1,#ff7f0e
4430,group-0,#1f77b4
4440,ungrouped,#999999
4450,group-1,#ff7f0e
4452,group-1,#ff7f0e
4492,ungrouped,#999999
4501,group-1,#ff7f0e
4512,group-0,#1f77b4
4518,group-1,#ff7f0e
4521,group-1,#ff7f0e
4549,group-1,#ff7f0e
4550,group-1,#ff7f0e
4566,ungrouped,#999999
4570,group-1,#ff7f0e
4585,group-1,#ff7f0e
8,group-1,#ff7f0e
32,ungrouped,#999999
124,ungrouped,#999999
348,ungrouped,#999999
453,group-0,#1f77b4
663,group-0,#1f77b4
707,group-0,#1f77b4
774,group-0,#1f77b4
809,group-1,#ff7f0e
966,ungrouped,#999999
1144,group-1,#ff7f0e
1200,ungrouped,#999999
1406,group-0,#1f77b4
1473,group-1,#ff7f0e
1480,group-1,#ff7f0e
1611,ungrouped,#999999
1797,group-0,#1f77b4
1896,group-1,#ff7f0e
2486,group-0,#1f77b4
2624,group-1,#ff7f0e
2785,ungrouped,#999999
2966,group-1,#ff7f0e
3122,group-1,#ff7f0e
3152,group-1,#ff7f0e
3209,group-1,#ff7f0e
3233,group-1,#ff7f0e
3455,group-1,#ff7f0e
3588,group-0,#1f77b4
3685,ungrouped,#999999
3954,ungrouped,#999999
4029,group-1,#ff7f0e
4151,group-1,#ff7f0e
4165,group-0,#1f77b4
4193,group-0,#1f77b4
4205,group-1,#ff7f0e
4208,group-0,#1f77b4
4235,ungrouped,#999999
4249,ungrouped,#999999
4289,group-1,#ff7f0e
4339,group-1,#ff7f0e
4422,group-1,#ff7f0e
4475,ungrouped,#999999
4496,group-1,#ff7f0e
4527,group-1,#ff7f0e
4577,group-1,#ff7f0e
4593,group-1,#ff7f0e
4595,group-1,#ff7f0e
4614,group-1,#ff7f0e
4616,group-1,#ff7f0e
4636,group-1,#ff7f0e
4638,ungrouped,#999999
4641,group-1,#ff7f0e
4644,group-1,#ff7f0e
4659,group-1,#ff7f0e
624,ungrouped,#999999
667,group-1,#ff7f0e
726,ungrouped,#999999
844,group-1,#ff7f0e
919,group-1,#ff7f0e
928,group-1,#ff7f0e
979,group-1,#ff7f0e
1137,ungrouped,#999999
1309,group-1,#ff7f0e
1703,group-1,#ff7f0e
1779,group-1,#ff7f0e
1954,ungrouped,#999999
2086,group-1,#ff7f0e
2197,group-1,#ff7f0e
2414,group-1,#ff7f0e
2482,group-1,#ff7f0e
2709,group-1,#ff7f0e
2716,group-1,#ff7f0e
2801,group-1,#ff7f0e
2881,group-1,#ff7f0e
2910,ungrouped,#999999
3266,group-1,#ff7f0e
3387,ungrouped,#999999
3420,group-0,#1f77b4
3457,ungrouped,#999999
3664,group-1,#ff7f0e
3818,group-1,#ff7f0e
4086,group-1,#ff7f0e
4088,group-1,#ff7f0e
4116,group-1,#ff7f0e
4126,group-1,#ff7f0e
4130,group-1,#ff7f0e
4145,ungrouped,#999999
4220,group-1,#ff7f0e
4221,ungrouped,#999999
4259,group-1,#ff7f0e
4280,group-1,#ff7f0e
4367,group-0,#1f77b4
4369,ungrouped,#999999
4379,ungrouped,#999999
4394,ungrouped,#999999
4424,group-1,#ff7f0e
4437,group-1,#ff7f0e
4458,group-1,#ff7f0e
4509,ungrouped,#999999
4523,group-0,#1f77b4
4559,ungrouped,#999999
4590,group-1,#ff7f0e
4625,ungrouped,#999999
4639,ungrouped,#999999
121,ungrouped,#999999
303,ungrouped,#999999
500,group-1,#ff7f0e
599,group-1,#ff7f0e
793,group-1,#ff7f0e
874,group-1,#ff7f0e
888,group-1,#ff7f0e
893,group-1,#ff7f0e
1209,group-1,#ff7f0e
1220,ungrouped,#999999
1308,group-1,#ff7f0e
1826,ungrouped,#999999
1852,ungrouped,#999999
1870,group-1,#ff7f0e
2491,ungrouped,#999999
2872,group-1,#ff7f0e
3170,ungrouped,#999999
3391,ungrouped,#999999
3397,group-1,#ff7f0e
3483,group-1,#ff7f0e
3565,ungrouped,#999999
3764,group-1,#ff7f0e
3885,group-1,#ff7f0e
3938,group-1,#ff7f0e
4071,group-1,#ff7f0e
4122,ungrouped,#999999
4142,ungrouped,#999999
4150,ungrouped,#999999
4175,ungrouped,#999999
4187,group-1,#ff7f0e
4215,ungrouped,#999999
4256,group-1,#ff7f0e
4277,group-1,#ff7f0e
4344,group-0,#1f77b4
4353,group-1,#ff7f0e
4366,ungrouped,#999999
4395,ungrouped,#999999
4423,group-1,#ff7f0e
4431,group-1,#ff7f0e
4454,ungrouped,#999999
4515,ungrouped,#999999
4582,group-1,#ff7f0e
4637,ungrouped,#999999
90,ungrouped,#999999
418,ungrouped,#999999
810,group-0,#1f77b4
1095,ungrouped,#999999
1165,group-0,#1f77b4
1246,ungrouped,#999999
1283,ungrouped,#999999
1382,group-1,#ff7f0e
2483,group-1,#ff7f0e
2667,group-1,#ff7f0e
2736,ungrouped,#999999
2805,group-1,#ff7f0e
3111,ungrouped,#999999
3171,group-0,#1f77b4
3347,ungrouped,#999999
3496,group-1,#ff7f0e
3627,ungrouped,#999999
3771,group-0,#1f77b4
3895,group-0,#1f77b4
4072,ungrouped,#999999
4074,ungrouped,#999999
4101,ungrouped,#999999
4106,ungrouped,#999999
4123,group-0,#1f77b4
4300,group-1,#ff7f0e
4322,group-1,#ff7f0e
4337,group-1,#ff7f0e
4401,ungrouped,#999999
4416,group-1,#ff7f0e
4428,ungrouped,#999999
4444,ungrouped,#999999
4447,ungrouped,#999999
4457,ungrouped,#999999
4476,group-1,#ff7f0e
4485,ungrouped,#999999
4495,ungrouped,#999999
4505,group-0,#1f77b4
4514,group-0,#1f77b4
4537,group-1,#ff7f0e
4579,group-1,#ff7f0e
4596,ungrouped,#999999
4646,ungrouped,#999999
4661,group-1,#ff7f0e
57,ungrouped,#999999
279,ungrouped,#999999
953,ungrouped,#999999
958,group-1,#ff7f0e
982,group-0,#1f77b4
1600,ungrouped,#999999
1711,ungrouped,#999999
1760,group-1,#ff7f0e
1851,ungrouped,#999999
1996,group-1,#ff7f0e
2118,ungrouped,#999999
2552,ungrouped,#999999
2833,group-1,#ff7f0e
3389,ungrouped,#999999
3424,group-1,#ff7f0e
3617,ungrouped,#999999
4089,ungrouped,#999999
4097,group-1,#ff7f0e
4103,ungrouped,#999999
4163,group-1,#ff7f0e
4188,ungrouped,#999999
4199,ungrouped,#999999
4231,ungrouped,#999999
4295,ungrouped,#999999
4309,ungrouped,#999999
4364,group-1,#ff7f0e
4374,group-1,#ff7f0e
4390,group-1,#ff7f0e
4481,ungrouped,#999999
4534,ungrouped,#999999
4545,group-1,#ff7f0e
4551,group-1,#ff7f0e
4620,ungrouped,#999999
119,ungrouped,#999999
219,ungrouped,#999999
328,ungrouped,#999999
338,ungrouped,#999999
688,ungrouped,#999999
1332,ungrouped,#999999
1360,group-1,#ff7f0e
1601,ungrouped,#999999
1659,group-1,#ff7f0e
1676,group-1,#ff7f0e
1693,group-1,#ff7f0e
1923,ungrouped,#999999
1978,group-0,#1f77b4
2187,group-1,#ff7f0e
3240,group-1,#ff7f0e
3249,ungrouped,#999999
3302,ungrouped,#999999
3679,ungrouped,#999999
3859,ungrouped,#999999
4061,ungrouped,#999999
4069,ungrouped,#999999
4083,ungrouped,#999999
4112,ungrouped,#999999
4124,ungrouped,#999999
4168,ungrouped,#999999
4253,group-1,#ff7f0e
4297,ungrouped,#999999
4303,group-1,#ff7f0e
4361,group-1,#ff7f0e
4470,ungrouped,#999999
4498,ungrouped,#999999
4517,group-0,#1f77b4
4530,group-1,#ff7f0e
4586,ungrouped,#999999
4663,ungrouped,#999999
577,ungrouped,#999999
754,group-1,#ff7f0e
2014,group-1,#ff7f0e
2081,ungrouped,#999999
2649,ungrouped,#999999
2804,group-1,#ff7f0e
3221,group-1,#ff7f0e
4055,group-1,#ff7f0e
4246,group-1,#ff7f0e
4268,ungrouped,#999999
4330,group-1,#ff7f0e
4478,ungrouped,#999999
4507,ungrouped,#999999
4510,ungrouped,#999999
4540,ungrouped,#999999
4554,ungrouped,#999999
4562,ungrouped,#999999
4628,ungrouped,#999999
190,ungrouped,#999999
836,ungrouped,#999999
1284,group-1,#ff7f0e
1384,ungrouped,#999999
2516,ungrouped,#999999
2855,group-1,#ff7f0e
3252,ungrouped,#999999
3736,group-1,#ff7f0e
4094,ungrouped,#999999
4202,group-1,#ff7f0e
4217,ungrouped,#999999
4258,group-1,#ff7f0e
4283,ungrouped,#999999
4314,group-1,#ff7f0e
4380,group-1,#ff7f0e
4386,ungrouped,#999999
4407,group-1,#ff7f0e
4587,ungrouped,#999999
55,ungrouped,#999999
155,ungrouped,#999999
284,ungrouped,#999999
415,ungrouped,#999999
821,group-1,#ff7f0e
949,ungrouped,#999999
1119,group-1,#ff7f0e
1849,ungrouped,#999999
2053,group-1,#ff7f0e
2403,group-1,#ff7f0e
3272,group-1,#ff7f0e
3852,ungrouped,#999999
4058,ungrouped,#999999
4070,ungrouped,#999999
4079,ungrouped,#999999
4138,group-1,#ff7f0e
4147,group-1,#ff7f0e
4223,ungrouped,#999999
4230,group-1,#ff7f0e
4262,ungrouped,#999999
4264,ungrouped,#999999
4335,ungrouped,#999999
4350,ungrouped,#999999
4354,group-1,#ff7f0e
4467,group-1,#ff7f0e
4524,ungrouped,#999999
4612,group-1,#ff7f0e
4618,ungrouped,#999999
63,ungrouped,#999999
890,ungrouped,#999999
1376,group-1,#ff7f0e
3672,ungrouped,#999999
3701,ungrouped,#999999
3841,group-1,#ff7f0e
3930,ungrouped,#999999
4125,ungrouped,#999999
4186,group-1,#ff7f0e
4254,ungrouped,#999999
4388,ungrouped,#999999
4399,group-1,#ff7f0e
4453,ungrouped,#999999
4469,ungrouped,#999999
4589,group-1,#ff7f0e
4613,ungrouped,#999999
4635,ungrouped,#999999
4647,ungrouped,#999999
123,ungrouped,#999999
315,ungrouped,#999999
691,group-1,#ff7f0e
906,ungrouped,#999999
1457,group-1,#ff7f0e
1625,ungrouped,#999999
2853,ungrouped,#999999
3025,group-1,#ff7f0e
3067,group-1,#ff7f0e
3115,group-1,#ff7f0e
3785,ungrouped,#999999
3869,group-1,#ff7f0e
4184,ungrouped,#999999
4191,ungrouped,#999999
4286,ungrouped,#999999
4292,ungrouped,#999999
4319,ungrouped,#999999
4542,ungrouped,#999999
4572,group-1,#ff7f0e
4575,group-1,#ff7f0e
4584,group-1,#ff7f0e
4615,group-1,#ff7f0e
4658,ungrouped,#999999
581,ungrouped,#999999
668,group-1,#ff7f0e
1197,ungrouped,#999999
1352,group-1,#ff7f0e
2054,ungrouped,#999999
2595,group-1,#ff7f0e
2940,ungrouped,#999999
3838,ungrouped,#999999
4109,ungrouped,#999999
4288,ungrouped,#999999
4426,ungrouped,#999999
4563,ungrouped,#999999
442,ungrouped,#999999
487,ungrouped,#999999
1687,group-1,#ff7f0e
2131,group-1,#ff7f0e
2551,ungrouped,#999999
2827,group-1,#ff7f0e
2981,ungrouped,#999999
3180,ungrouped,#999999
4092,ungrouped,#999999
4218,group-1,#ff7f0e
4347,ungrouped,#999999
4397,ungrouped,#999999
4506,ungrouped,#999999
4538,ungrouped,#999999
4541,group-1,#ff7f0e
4645,group-1,#ff7f0e
4656,ungrouped,#999999
359,ungrouped,#999999
484,ungrouped,#999999
744,ungrouped,#999999
920,ungrouped,#999999
1609,ungrouped,#999999
2313,ungrouped,#999999
2387,group-1,#ff7f0e
3188,group-1,#ff7f0e
4046,ungrouped,#999999
4210,ungrouped,#999999
4278,ungrouped,#999999
4463,ungrouped,#999999
4631,ungrouped,#999999
4662,ungrouped,#999999
3263,group-1,#ff7f0e
3274,ungrouped,#999999
3460,group-1,#ff7f0e
3643,group-1,#ff7f0e
3992,ungrouped,#999999
4068,group-1,#ff7f0e
4285,ungrouped,#999999
4316,group-1,#ff7f0e
4317,ungrouped,#999999
4340,ungrouped,#999999
4387,ungrouped,#999999
4398,ungrouped,#999999
4474,ungrouped,#999999
4489,ungrouped,#999999
4531,ungrouped,#999999
4604,group-0,#1f77b4
4653,ungrouped,#999999
898,ungrouped,#999999
1222,group-1,#ff7f0e
3049,ungrouped,#999999
3461,ungrouped,#999999
3733,group-1,#ff7f0e
4520,ungrouped,#999999
4555,ungrouped,#999999
108,ungrouped,#999999
2142,ungrouped,#999999
2588,ungrouped,#999999
2826,ungrouped,#999999
2984,ungrouped,#999999
3614,ungrouped,#999999
3955,ungrouped,#999999
4078,ungrouped,#999999
4119,group-1,#ff7f0e
4195,group-1,#ff7f0e
4224,group-1,#ff7f0e
4238,ungrouped,#999999
4326,ungrouped,#999999
4383,ungrouped,#999999
4385,ungrouped,#999999
4525,ungrouped,#999999
4552,group-1,#ff7f0e
4650,ungrouped,#999999
4660,ungrouped,#999999
142,ungrouped,#999999
552,ungrouped,#999999
628,ungrouped,#999999
1633,ungrouped,#999999
2929,group-1,#ff7f0e
3197,ungrouped,#999999
4073,ungrouped,#999999
4110,ungrouped,#999999
4113,ungrouped,#999999
4174,ungrouped,#999999
4203,ungrouped,#999999
4255,ungrouped,#999999
4275,ungrouped,#999999
4315,ungrouped,#999999
4375,ungrouped,#999999
4557,group-1,#ff7f0e
4580,ungrouped,#999999
3716,ungrouped,#999999
3779,ungrouped,#999999
4131,ungrouped,#999999
4308,ungrouped,#999999
4529,ungrouped,#999999
877,ungrouped,#999999
2751,ungrouped,#999999
3723,ungrouped,#999999
4325,ungrouped,#999999
4365,ungrouped,#999999
4410,ungrouped,#999999
3155,ungrouped,#999999
3165,ungrouped,#999999
3364,ungrouped,#999999
3819,ungrouped,#999999
4051,ungrouped,#999999
4248,ungrouped,#999999
4261,ungrouped,#999999
4349,group-1,#ff7f0e
4381,ungrouped,#999999
4384,ungrouped,#999999
4438,ungrouped,#999999
4484,ungrouped,#999999
4608,ungrouped,#999999
1066,ungrouped,#999999
1221,ungrouped,#999999
1354,ungrouped,#999999
2748,ungrouped,#999999
3476,group-1,#ff7f0e
3491,ungrouped,#999999
3538,ungrouped,#999999
4085,ungrouped,#999999
4320,ungrouped,#999999
4345,ungrouped,#999999
4666,ungrouped,#999999
1636,group-1,#ff7f0e
2637,ungrouped,#999999
2964,ungrouped,#999999
2991,ungrouped,#999999
3739,ungrouped,#999999
4054,ungrouped,#999999
4196,ungrouped,#999999
4480,group-1,#ff7f0e
4526,ungrouped,#999999
4629,ungrouped,#999999
67,ungrouped,#999999
583,ungrouped,#999999
3158,ungrouped,#999999
3201,ungrouped,#999999
3623,ungrouped,#999999
3783,ungrouped,#999999
3789,ungrouped,#999999
4169,ungrouped,#999999
4483,ungrouped,#999999
4494,ungrouped,#999999
428,ungrouped,#999999
481,ungrouped,#999999
651,ungrouped,#999999
984,ungrouped,#999999
1638,ungrouped,#999999
1680,ungrouped,#999999
2642,ungrouped,#999999
3797,ungrouped,#999999
4015,ungrouped,#999999
4019,ungrouped,#999999
4100,ungrouped,#999999
336,ungrouped,#999999
1010,ungrouped,#999999
1017,ungrouped,#999999
2460,ungrouped,#999999
2473,ungrouped,#999999
3135,ungrouped,#999999
4096,ungrouped,#999999
4128,ungrouped,#999999
4172,ungrouped,#999999
4402,ungrouped,#999999
4127,ungrouped,#999999
4211,ungrouped,#999999
4260,ungrouped,#999999
331,ungrouped,#999999
2105,ungrouped,#999999
2396,ungrouped,#999999
3394,ungrouped,#999999
3558,ungrouped,#999999
3809,ungrouped,#999999
3971,ungrouped,#999999
4183,ungrouped,#999999
4373,ungrouped,#999999
4599,ungrouped,#999999
417,ungrouped,#999999
658,ungrouped,#999999
1712,ungrouped,#999999
2106,ungrouped,#999999
2893,ungrouped,#999999
4105,ungrouped,#999999
4141,ungrouped,#999999
4370,ungrouped,#999999
4462,ungrouped,#999999
4536,ungrouped,#999999
4643,ungrouped,#999999
371,ungrouped,#999999
1739,ungrouped,#999999
1784,ungrouped,#999999
2033,ungrouped,#999999
2297,ungrouped,#999999
2840,ungrouped,#999999
3392,ungrouped,#999999
3698,ungrouped,#999999
3936,ungrouped,#999999
4600,group-1,#ff7f0e
1044,ungrouped,#999999
4236,ungrouped,#999999
4357,ungrouped,#999999
604,ungrouped,#999999
4018,ungrouped,#999999
4129,ungrouped,#999999
4154,ungrouped,#999999
4192,ungrouped,#999999
4229,ungrouped,#999999
4294,ungrouped,#999999
4435,ungrouped,#999999
4460,ungrouped,#999999
540,ungrouped,#999999
2611,ungrouped,#999999
3724,ungrouped,#999999
4209,ungrouped,#999999
4271,ungrouped,#999999
4372,ungrouped,#999999
4418,ungrouped,#999999
4568,ungrouped,#999999
1351,ungrouped,#999999
1989,ungrouped,#999999
2269,ungrouped,#999999
2302,ungrouped,#999999
2962,ungrouped,#999999
3259,ungrouped,#999999
3344,ungrouped,#999999
3490,group-1,#ff7f0e
4067,ungrouped,#999999
4082,ungrouped,#999999
4148,ungrouped,#999999
4287,ungrouped,#999999
4293,ungrouped,#999999
4667,ungrouped,#999999
1561,ungrouped,#999999
4102,ungrouped,#999999
4159,ungrouped,#999999
4242,ungrouped,#999999
4323,ungrouped,#999999
4508,ungrouped,#999999
4564,ungrouped,#999999
503,ungrouped,#999999
813,ungrouped,#999999
1577,ungrouped,#999999
3398,ungrouped,#999999
3448,ungrouped,#999999
4284,ungrouped,#999999
4419,ungrouped,#999999
505,ungrouped,#999999
1134,ungrouped,#999999
1630,ungrouped,#999999
2015,ungrouped,#999999
2433,ungrouped,#999999
3580,ungrouped,#999999
4276,ungrouped,#999999
4298,ungrouped,#999999
4425,ungrouped,#999999
4479,ungrouped,#999999
4565,ungrouped,#999999
4583,ungrouped,#999999
2244,ungrouped,#999999
4291,ungrouped,#999999
4391,ungrouped,#999999
2571,ungrouped,#999999
3320,ungrouped,#999999
4351,ungrouped,#999999
837,ungrouped,#999999
2598,ungrouped,#999999
2925,ungrouped,#999999
4135,group-1,#ff7f0e
4368,ungrouped,#999999
4408,ungrouped,#999999
4471,ungrouped,#999999
962,ungrouped,#999999
1686,ungrouped,#999999
4204,ungrouped,#999999
4237,ungrouped,#999999
531,ungrouped,#999999
1911,ungrouped,#999999
3964,ungrouped,#999999
4063,ungrouped,#999999
4107,ungrouped,#999999
4500,ungrouped,#999999
4633,ungrouped,#999999
585,ungrouped,#999999
1986,ungrouped,#999999
2359,ungrouped,#999999
2753,ungrouped,#999999
4132,ungrouped,#999999
4190,ungrouped,#999999
4411,ungrouped,#999999
2174,ungrouped,#999999
2177,ungrouped,#999999
2652,ungrouped,#999999
4062,ungrouped,#999999
4064,ungrouped,#999999
4244,ungrouped,#999999
4311,ungrouped,#999999
4648,ungrouped,#999999
955,ungrouped,#999999
3287,ungrouped,#999999
3521,ungrouped,#999999
1373,ungrouped,#999999
3118,ungrouped,#999999
4048,ungrouped,#999999
4362,ungrouped,#999999
1126,ungrouped,#999999
1734,ungrouped,#999999
1906,ungrouped,#999999
4212,ungrouped,#999999
4272,ungrouped,#999999
608,ungrouped,#999999
601,ungrouped,#999999
1396,ungrouped,#999999
3487,ungrouped,#999999
3874,ungrouped,#999999
4269,ungrouped,#999999
4270,group-1,#ff7f0e
4281,ungrouped,#999999
4404,ungrouped,#999999
4499,ungrouped,#999999
4569,group-1,#ff7f0e
4605,ungrouped,#999999
4606,ungrouped,#999999
4607,ungrouped,#999999
946,ungrouped,#999999
3207,ungrouped,#999999
4406,ungrouped,#999999
4513,ungrouped,#999999
657,ungrouped,#999999
4057,ungrouped,#999999
741,ungrouped,#999999
4153,ungrouped,#999999
4328,ungrouped,#999999
4487,ungrouped,#999999
4511,ungrouped,#999999
2854,ungrouped,#999999
3737,ungrouped,#999999
4219,ungrouped,#999999
4598,ungrouped,#999999
4630,ungrouped,#999999
1545,ungrouped,#999999
2032,ungrouped,#999999
2814,ungrouped,#999999
2915,ungrouped,#999999
4434,ungrouped,#999999
4446,ungrouped,#999999
482,ungrouped,#999999
1040,ungrouped,#999999
1518,ungrouped,#999999
3915,ungrouped,#999999
4472,ungrouped,#999999
886,ungrouped,#999999
4080,ungrouped,#999999
4104,ungrouped,#999999
4455,ungrouped,#999999
2455,ungrouped,#999999
2867,ungrouped,#999999
3365,ungrouped,#999999
3952,ungrouped,#999999
4093,ungrouped,#999999
4137,ungrouped,#999999
4392,ungrouped,#999999
4393,ungrouped,#999999
4482,ungrouped,#999999
2121,ungrouped,#999999
2520,ungrouped,#999999
4243,ungrouped,#999999
4251,ungrouped,#999999
4451,ungrouped,#999999
3940,ungrouped,#999999
4161,ungrouped,#999999
4466,ungrouped,#999999
4539,ungrouped,#999999
4601,ungrouped,#999999
4619,ungrouped,#999999
1266,ungrouped,#999999
2622,ungrouped,#999999
3551,ungrouped,#999999
4358,ungrouped,#999999
1936,ungrouped,#999999
3775,ungrouped,#999999
4167,ungrouped,#999999
4306,ungrouped,#999999
4356,ungrouped,#999999
4436,ungrouped,#999999
4602,ungrouped,#999999
4603,ungrouped,#999999
4623,ungrouped,#999999
470,ungrouped,#999999
1903,ungrouped,#999999
2345,ungrouped,#999999
2698,ungrouped,#999999
4302,ungrouped,#999999
4343,ungrouped,#999999
4581,ungrouped,#999999
1213,ungrouped,#999999
1587,ungrouped,#999999
1804,ungrouped,#999999
1950,ungrouped,#999999
2323,ungrouped,#999999
2413,ungrouped,#999999
2931,ungrouped,#999999
3139,ungrouped,#999999
4263,ungrouped,#999999
4503,ungrouped,#999999
4504,ungrouped,#999999
3712,ungrouped,#999999
4240,ungrouped,#999999
2221,ungrouped,#999999
2651,ungrouped,#999999
3006,ungrouped,#999999
1166,ungrouped,#999999
4099,ungrouped,#999999
4442,ungrouped,#999999
2060,ungrouped,#999999
4146,ungrouped,#999999
4158,ungrouped,#999999
4245,ungrouped,#999999
1248,ungrouped,#999999
1942,ungrouped,#999999
2432,ungrouped,#999999
4456,ungrouped,#999999
2874,ungrouped,#999999
4049,ungrouped,#999999
4176,ungrouped,#999999
3727,ungrouped,#999999
4166,ungrouped,#999999
2612,ungrouped,#999999
4312,ungrouped,#999999
4155,ungrouped,#999999
4329,ungrouped,#999999
4432,ungrouped,#999999
4282,ungrouped,#999999
4543,ungrouped,#999999
3072,ungrouped,#999999
4409,ungrouped,#999999
4535,ungrouped,#999999
4228,ungrouped,#999999
4473,ungrouped,#999999
4488,ungrouped,#999999
2442,ungrouped,#999999
2938,ungrouped,#999999
3376,ungrouped,#999999
2999,ungrouped,#999999
4497,ungrouped,#999999
4197,ungrouped,#999999
4111,ungrouped,#999999
4532,ungrouped,#999999
3929,ungrouped,#999999
4324,ungrouped,#999999
4332,ungrouped,#999999
3649,ungrouped,#999999
4346,ungrouped,#999999
4573,ungrouped,#999999
1065,ungrouped,#999999
4241,ungrouped,#999999
3534,ungrouped,#999999
4065,ungrouped,#999999
3933,ungrouped,#999999
4120,ungrouped,#999999
4216,ungrouped,#999999
4250,ungrouped,#999999
3730,ungrouped,#999999
4121,ungrouped,#999999
4461,ungrouped,#999999
3904,ungrouped,#999999
4348,ungrouped,#999999
4139,ungrouped,#999999
4267,ungrouped,#999999
4133,ungrouped,#999999
4363,ungrouped,#999999
4378,ungrouped,#999999
